num_leaves,max_depth,min_child_samples,best iteration,model size,train rmse,test rmse,test rmse stddev
1000,200,50,482,27637898,1884280,4602577,153382.94989524304
500,200,50,600,25928049,1794538,4592886,152922.31141115134
300,200,50,796,20655822,1883366,4528393,149149.3871098803
250,200,50,977,21110228,1861713,4505285,150157.502108884
200,200,50,1206,20850236,1849330,4479905,153217.28262361197
150,200,50,1519,19692284,1914528,4469998,150380.8754318329
100,200,50,2176,18789463,1967749,4453595,140686.8493381957
50,200,50,3553,15647613,2223664,4448423,140324.25861069522
31,200,50,4996,13968111,2433976,4455756,133929.82569764613
25,200,50,6135,14036844,2473561,4463405,137193.20126029244
20,200,50,6422,11977420,2689821,4468770,127471.76445895992
10,200,50,9573,9742459,3158393,4516330,144755.53035827575
1000,200,40,457,32670452,1608440,4595139,155456.95534447036
500,200,40,581,25014124,1635148,4551596,163705.7133395563
300,200,40,848,21906684,1700756,4487467,154572.8169804535
250,200,40,1015,21843030,1702804,4483491,156343.94900619198
200,200,40,1309,22541738,1679222,4467510,149188.82678213494
150,200,40,1628,21016638,1751558,4449981,151831.9895627326
100,200,40,2329,20034489,1813967,4447538,151165.23413018207
50,200,40,3684,16163145,2116749,4426816,137010.40440101185
31,200,40,5297,14758091,2302075,4444290,135098.78062681068
25,200,40,6093,13896838,2409952,4456815,147657.6480636887
20,200,40,6489,12065533,2615232,4465210,142649.03074121932
10,200,40,9368,9516495,3127457,4508497,145636.09351756735
1000,200,30,412,35241796,1333247,4584339,158479.59376492834
500,200,30,690,29576186,1304598,4501157,148755.57685388214
300,200,30,1050,26979919,1362171,4458974,140514.58346094823
250,200,30,1196,25619927,1419320,4440650,145982.71884926115
200,200,30,1417,24278562,1484011,4437947,146176.21866631764
150,200,30,1781,22875024,1575026,4420608,138307.40217219328
100,200,30,2221,19013868,1766275,4419634,143189.82219101264
50,200,30,4070,17775063,1924898,4414528,132088.22079906068
31,200,30,5616,15583362,2146767,4426174,141366.26263263493
25,200,30,5766,13103860,2386556,4442899,138621.0677792383
20,200,30,6426,11910052,2547800,4446576,125871.9937879084
10,200,30,9217,9339520,3068234,4504117,137928.4381083003
1000,200,25,417,35580514,1157257,4565078,152250.70646336486
500,200,25,670,28619641,1235983,4489010,160681.96389648007
300,200,25,1077,27587764,1273887,4440967,146339.21062147274
250,200,25,1249,26678438,1339591,4431234,147688.70325706294
200,200,25,1436,24537954,1399411,4424472,148609.84484322468
150,200,25,1853,23727706,1480682,4409198,146730.26373939638
100,200,25,2585,22056208,1577897,4398929,138650.64083667012
50,200,25,4125,17964770,1875936,4406428,125846.34922885508
31,200,25,5655,15654187,2103818,4414901,130166.5483973334
25,200,25,6207,14070443,2269596,4430404,134562.58025016027
20,200,25,7036,13007759,2436113,4439130,134205.63341912915
10,200,25,8786,8890864,3068226,4502340,139068.0270344066
1000,200,20,395,33654110,1056351,4557872,156733.49267583818
500,200,20,738,31449360,1083358,4477357,134312.90257945677
300,200,20,1075,27467473,1228428,4427170,140849.94184349405
250,200,20,1472,31338937,1138506,4425008,146518.6847251392
200,200,20,1465,24954341,1327448,4414120,142774.12198075312
150,200,20,1948,24879968,1357610,4394494,132062.50301042962
100,200,20,2831,24083644,1418137,4382888,129985.7437450825
50,200,20,4125,17925541,1816822,4395768,126432.70774260531
31,200,20,5430,14999222,2074058,4408703,136708.1015223713
25,200,20,6849,15488266,2108465,4413688,133735.63802994677
20,200,20,7143,13178641,2343670,4427242,135371.1816250072
10,200,20,9482,9577670,2942739,4488307,145559.14171753556
1000,200,15,411,36525323,881922,4555116,130815.3802526707
500,200,15,780,34617815,969633,4471649,132868.10509892055
300,200,15,1260,33506648,1014112,4432982,141325.0880341581
250,200,15,1326,29356719,1154481,4420621,138640.8477978859
200,200,15,1740,30799719,1098134,4402739,147521.03428208266
150,200,15,2125,28174856,1228048,4385016,143167.45104063977
100,200,15,3037,26791824,1308831,4380399,131344.30296414075
50,200,15,4564,20459076,1641129,4376800,128258.18975883101
31,200,15,5901,16743173,1937472,4401646,141927.6009886249
25,200,15,7098,16456732,1986546,4388311,129437.97776149977
20,200,15,7712,14548766,2187004,4414485,144990.6074152667
10,200,15,8836,9050418,2961715,4487220,157801.98498587144
1000,200,10,449,42653031,713194,4556383,142857.5501624512
500,200,10,878,41671833,798417,4475201,139124.08978921417
300,200,10,1333,37859976,908586,4419125,135725.24617256605
250,200,10,1469,34712927,983934,4411438,129672.66519542034
200,200,10,1875,35394919,967154,4378000,133338.49061058598
150,200,10,2555,36125459,985843,4374639,129040.42892554025
100,200,10,2815,26338631,1269568,4367959,126792.2038219298
50,200,10,4586,21673744,1544357,4362232,126028.40564358867
31,200,10,6007,17851738,1822709,4374915,122444.13566586975
25,200,10,7184,17395902,1894735,4383208,133338.77017348373
20,200,10,8124,15933624,2047102,4392150,124651.38040334349
10,200,10,9811,10288242,2783887,4468987,135052.8713243368
1000,200,5,681,64698488,363919,4571025,129408.05041484309
500,200,5,1077,51067605,532124,4466261,136491.25099753775
300,200,5,1691,48025650,604904,4396486,131231.23222974926
250,200,5,1955,46244605,646158,4390135,136673.55349671806
200,200,5,2015,38062520,783306,4367499,126452.18583511499
150,200,5,2774,39255979,764022,4349686,133267.80943024537
100,200,5,3709,34882936,899541,4358235,133713.7450669293
50,200,5,4935,23453607,1354747,4351404,117638.7533237478
31,200,5,6690,20015442,1598217,4371928,123101.63496796426
25,200,5,7350,17905977,1767324,4377314,121917.77379929136
20,200,5,7775,15344226,1992021,4391018,133356.07896574348
10,200,5,9707,10233764,2716246,4462827,137585.2237056454
1000,200,3,778,72075137,266159,4559696,133821.42739251183
500,200,3,1349,62487065,335055,4448424,133987.40175408535
300,200,3,1893,52671050,457198,4385665,136055.47266041138
250,200,3,1968,45633070,556228,4378988,131759.3845941119
200,200,3,2465,45698505,555869,4359156,132439.58088944718
150,200,3,3177,44143068,610889,4351062,139987.15879217398
100,200,3,4175,38616310,752211,4351073,132422.61169883053
50,200,3,6065,28483913,1086643,4353311,133018.65418464394
31,200,3,7111,21076239,1459458,4367771,139230.3698275046
25,200,3,7755,18739783,1641279,4374603,139145.8078659075
20,200,3,8605,16870533,1816970,4384525,149092.94167607874
10,200,3,9303,9779565,2721725,4473426,137818.86221378055
1000,200,2,1067,100244251,182230,4562324,132643.61301396549
500,200,2,1909,89607432,182603,4447286,120698.49939088277
300,200,2,2299,64711062,332789,4394541,132607.83958835207
250,200,2,2358,55277534,413346,4374647,135580.85795569912
200,200,2,3079,57719119,410986,4363751,134953.5308473441
150,200,2,3350,47022858,570992,4352560,141785.02415791323
100,200,2,4067,37967099,758714,4351997,126431.76585927891
50,200,2,6062,28671100,1048784,4351119,121631.15465073238
31,200,2,7166,21355832,1430620,4366505,127191.07454550285
25,200,2,6847,16615597,1746512,4368171,140264.9252352872
20,200,2,7697,15145765,1926168,4396288,128750.16341782724
10,200,2,9554,10065461,2666798,4472045,133825.41301433442
1000,100,50,499,28617214,1852458,4606327,151741.03413201167
500,100,50,606,26182900,1783718,4591961,152467.07335461627
300,100,50,796,20655822,1883366,4528145,149063.07566574815
250,100,50,977,21110228,1861713,4505060,150163.17094792397
200,100,50,1206,20850236,1849330,4479719,153174.10309964864
150,100,50,1519,19692284,1914528,4469880,150354.69037242112
100,100,50,2176,18789463,1967749,4453423,140674.60955433294
50,100,50,3553,15647613,2223664,4448306,140342.75627734826
31,100,50,4996,13968111,2433976,4455679,133907.19550033563
25,100,50,6135,14036844,2473561,4463315,137179.9236102758
20,100,50,6422,11977420,2689821,4468653,127420.31886947894
10,100,50,9573,9742459,3158393,4516330,144755.53035827575
1000,100,40,439,31301027,1664559,4591896,156014.1053549763
500,100,40,592,25465387,1613630,4551929,163699.51137929485
300,100,40,848,21906684,1700756,4487467,154572.8169804535
250,100,40,1015,21843030,1702804,4483491,156343.94900619198
200,100,40,1309,22541738,1679222,4467510,149188.82678213494
150,100,40,1628,21016638,1751558,4449981,151831.9895627326
100,100,40,2329,20034489,1813967,4447538,151165.23413018207
50,100,40,3684,16163145,2116749,4426816,137010.40440101185
31,100,40,5297,14758091,2302075,4444290,135098.78062681068
25,100,40,6093,13896838,2409952,4456815,147657.6480636887
20,100,40,6489,12065533,2615232,4465210,142649.03074121932
10,100,40,9368,9516495,3127457,4508497,145636.09351756735
1000,100,30,370,31694141,1426294,4585368,159168.64020728783
500,100,30,690,29576187,1304598,4501157,148755.57685388214
300,100,30,1050,26979919,1362171,4458974,140514.58346094823
250,100,30,1196,25619927,1419320,4440650,145982.71884922194
200,100,30,1417,24278562,1484011,4437947,146176.21866631764
150,100,30,1781,22875024,1575026,4420608,138307.40217219328
100,100,30,2221,19013868,1766275,4419634,143189.82219101264
50,100,30,4070,17775063,1924898,4414528,132088.22079906068
31,100,30,5616,15583362,2146767,4426174,141366.2626326347
25,100,30,5766,13103860,2386556,4442899,138621.0677792383
20,100,30,6426,11910052,2547800,4446576,125871.9937879084
10,100,30,9217,9339520,3068234,4504117,137928.4381083003
1000,100,25,442,37748238,1100422,4567323,152736.57030727307
500,100,25,670,28619641,1235983,4489010,160681.96389648007
300,100,25,1077,27587764,1273887,4440967,146339.21062147274
250,100,25,1249,26678438,1339591,4431234,147688.70325706294
200,100,25,1436,24537954,1399411,4424472,148609.84484322468
150,100,25,1853,23727706,1480682,4409198,146730.26373939638
100,100,25,2585,22056208,1577897,4398929,138650.64083667012
50,100,25,4125,17964770,1875936,4406428,125846.34922885508
31,100,25,5655,15654187,2103818,4414901,130166.5483973334
25,100,25,6207,14070442,2269596,4430404,134562.58025016027
20,100,25,7036,13007759,2436113,4439130,134205.63341912915
10,100,25,8786,8890864,3068226,4502340,139068.0270344066
1000,100,20,403,34343125,1038500,4558376,156774.6621921376
500,100,20,738,31449360,1083358,4477357,134312.90257945677
300,100,20,1075,27467473,1228428,4427170,140849.94184349405
250,100,20,1472,31338937,1138506,4425008,146518.6847251392
200,100,20,1465,24954341,1327448,4414120,142774.12198075312
150,100,20,1948,24879967,1357610,4394494,132062.50301042962
100,100,20,2831,24083644,1418137,4382888,129985.7437450825
50,100,20,4125,17925540,1816822,4395768,126432.70774260531
31,100,20,5430,14999222,2074058,4408703,136708.1015223713
25,100,20,6849,15488266,2108465,4413688,133735.63802994677
20,100,20,7143,13178642,2343670,4427242,135371.1816250072
10,100,20,9482,9577670,2942739,4488307,145559.14171753556
1000,100,15,411,36525323,881922,4555116,130815.3802526707
500,100,15,780,34617814,969633,4471649,132868.10509892055
300,100,15,1260,33506648,1014112,4432982,141325.0880341581
250,100,15,1326,29356719,1154481,4420621,138640.8477978859
200,100,15,1740,30799719,1098134,4402739,147521.03428208266
150,100,15,2125,28174856,1228048,4385016,143167.45104063977
100,100,15,3037,26791824,1308831,4380399,131344.30296414075
50,100,15,4564,20459076,1641129,4376800,128258.18975883101
31,100,15,5901,16743173,1937472,4401646,141927.6009886249
25,100,15,7098,16456732,1986546,4388311,129437.97776149977
20,100,15,7712,14548766,2187004,4414485,144990.6074152667
10,100,15,8836,9050418,2961715,4487220,157801.98498587144
1000,100,10,449,42653031,713194,4556383,142857.5501624512
500,100,10,878,41671833,798417,4475201,139124.08978921417
300,100,10,1333,37859976,908586,4419125,135725.24617256605
250,100,10,1469,34712927,983934,4411438,129672.66519542034
200,100,10,1875,35394919,967154,4378000,133338.49061058598
150,100,10,2555,36125459,985843,4374639,129040.42892554025
100,100,10,2815,26338631,1269568,4367959,126792.2038219298
50,100,10,4586,21673744,1544357,4362232,126028.40564358867
31,100,10,6007,17851738,1822709,4374915,122444.13566606869
25,100,10,7184,17395902,1894735,4383208,133338.77017348373
20,100,10,8124,15933624,2047102,4392150,124651.38040334349
10,100,10,9811,10288242,2783887,4468987,135052.8713243368
1000,100,5,681,64698488,363919,4571025,129408.05041484309
500,100,5,1077,51067605,532124,4466261,136491.25099753775
300,100,5,1691,48025650,604904,4396486,131231.23222974926
250,100,5,1955,46244605,646158,4390135,136673.55349671806
200,100,5,2015,38062520,783306,4367499,126452.18583511499
150,100,5,2774,39255979,764022,4349686,133267.80943024537
100,100,5,3709,34882936,899541,4358235,133713.7450669293
50,100,5,4935,23453607,1354747,4351404,117638.7533237478
31,100,5,6690,20015442,1598217,4371928,123101.63496796426
25,100,5,7350,17905978,1767324,4377314,121917.77379929136
20,100,5,7775,15344226,1992021,4391018,133356.07896574348
10,100,5,9707,10233764,2716246,4462827,137585.2237056454
1000,100,3,778,72075137,266159,4559696,133821.42739251183
500,100,3,1349,62487065,335055,4448424,133987.40175408535
300,100,3,1893,52671050,457198,4385665,136055.47266041138
250,100,3,1968,45633070,556228,4378988,131759.3845941119
200,100,3,2465,45698505,555869,4359156,132439.58088944718
150,100,3,3177,44143069,610889,4351062,139987.1587921777
100,100,3,4175,38616310,752211,4351073,132422.61169883134
50,100,3,6065,28483916,1086643,4353311,133018.2944884145
31,100,3,7111,21076239,1459458,4367771,139230.3698275046
25,100,3,7755,18739783,1641279,4374603,139145.8078659075
20,100,3,8605,16870532,1816970,4384525,149092.94167607874
10,100,3,9303,9779565,2721725,4473426,137818.86221378055
1000,100,2,1067,100244251,182230,4562324,132643.61301396549
500,100,2,1909,89607432,182603,4447286,120698.49939088277
300,100,2,2299,64711053,332789,4394541,132607.8429721903
250,100,2,2358,55277534,413346,4374647,135580.85795569906
200,100,2,3079,57719119,410986,4363751,134953.5308473441
150,100,2,3350,47022858,570992,4352560,141785.02415791323
100,100,2,4067,37967099,758714,4351997,126431.76585927882
50,100,2,6062,28671100,1048784,4351119,121631.15465073238
31,100,2,7166,21355832,1430620,4366505,127191.07454550285
25,100,2,6847,16615596,1746512,4368171,140264.9252352872
20,100,2,7697,15145765,1926168,4396288,128750.16341782724
10,100,2,9554,10065461,2666798,4472045,133825.41301433442
1000,50,50,604,25570407,1859536,4587290,161869.0265107657
500,50,50,532,20530276,2017431,4585421,160037.34667976017
300,50,50,829,21463523,1844741,4526408,144971.4957878016
250,50,50,1019,22021439,1792280,4504351,149857.43064002227
200,50,50,1205,20839812,1848643,4477753,151245.4584285217
150,50,50,1593,20648577,1878521,4464540,146151.70346337833
100,50,50,2172,18759224,1969640,4454174,140807.84225313677
50,50,50,3553,15647612,2223664,4448306,140342.75627734826
31,50,50,4996,13968110,2433976,4455679,133907.19550033563
25,50,50,6135,14036843,2473561,4463315,137179.9236102758
20,50,50,6422,11977419,2689821,4468653,127420.31886947894
10,50,50,9573,9742458,3158393,4516330,144755.53035827575
1000,50,40,589,29420899,1577435,4576875,159983.71439250285
500,50,40,606,24549568,1665719,4547792,158086.10400773576
300,50,40,901,23273763,1646070,4486188,152677.42271673484
250,50,40,1152,24785252,1587514,4477456,151849.6753116716
200,50,40,1342,23100585,1658028,4468417,150064.2410124483
150,50,40,1647,21267643,1768289,4448538,151224.04477964365
100,50,40,2329,20034488,1813967,4447538,151165.23413018207
50,50,40,3684,16163144,2116749,4426816,137010.40440101185
31,50,40,5297,14758090,2302075,4444290,135098.78062681068
25,50,40,6093,13896837,2409952,4456815,147657.6480636887
20,50,40,6489,12065532,2615232,4465210,142649.03074121932
10,50,40,9368,9516494,3127457,4508497,145636.09351756735
1000,50,30,547,33148580,1311533,4568928,160317.05392949682
500,50,30,736,31178416,1260507,4502569,150548.34548621016
300,50,30,961,24715749,1450898,4462032,145072.12979069023
250,50,30,1133,24263664,1478560,4438014,144417.1110379256
200,50,30,1422,24370756,1492695,4441530,146559.97923786656
150,50,30,1824,23436554,1558179,4421150,138444.203898193
100,50,30,2221,19013867,1766275,4419634,143189.82219101264
50,50,30,4070,17775062,1924898,4414528,132088.22079906068
31,50,30,5616,15583361,2146767,4426174,141366.2626326347
25,50,30,5766,13103859,2386556,4442899,138621.0677792383
20,50,30,6426,11910051,2547800,4446576,125871.9937879084
10,50,30,9217,9339519,3068234,4504117,137928.4381083003
1000,50,25,516,34881602,1172220,4554230,149839.02479405198
500,50,25,638,27209901,1288911,4484597,151887.05502095658
300,50,25,1154,29580331,1220075,4439024,144097.97709890263
250,50,25,1352,28859389,1257228,4433539,144935.1103759459
200,50,25,1492,25490770,1376240,4424748,151863.08130788486
150,50,25,1789,22916498,1513799,4410852,146309.9733114825
100,50,25,2585,22056207,1577897,4398929,138650.64083667012
50,50,25,4125,17964769,1875936,4406428,125846.34922885508
31,50,25,5655,15654184,2103818,4414901,130166.54839735651
25,50,25,6207,14070441,2269596,4430404,134562.58025016027
20,50,25,7036,13007758,2436113,4439130,134205.63341912915
10,50,25,8786,8890863,3068226,4502340,139068.0270344066
1000,50,20,461,35516118,1055841,4550597,157668.68970737146
500,50,20,649,27634916,1192547,4476540,138702.7621869175
300,50,20,1131,28898504,1155546,4427279,139807.61690178796
250,50,20,1287,27397653,1246447,4425015,143535.1138428499
200,50,20,1564,26641205,1263092,4413477,143505.61568362088
150,50,20,1948,24879966,1357610,4394494,132062.50301042962
100,50,20,2831,24083643,1418137,4382888,129985.7437450825
50,50,20,4125,17925548,1816822,4395768,126432.70774313502
31,50,20,5430,14999221,2074058,4408703,136708.1015223713
25,50,20,6849,15488265,2108465,4413688,133735.63802994677
20,50,20,7143,13178641,2343670,4427242,135371.1816250072
10,50,20,9482,9577669,2942739,4488307,145559.14171753556
1000,50,15,373,32683738,991883,4553341,135628.8861692803
500,50,15,819,36352721,919880,4476460,138181.2960013986
300,50,15,1198,31849786,1041510,4432154,138596.3724223901
250,50,15,1342,29722268,1127719,4419777,138325.51928657043
200,50,15,1745,30889365,1097411,4403871,145882.8685201569
150,50,15,2125,28174855,1228048,4385016,143167.45104063977
100,50,15,3037,26791823,1308831,4380399,131344.30296414075
50,50,15,4564,20459075,1641129,4376800,128258.18975883101
31,50,15,5901,16743172,1937472,4401646,141927.6009886249
25,50,15,7098,16456731,1986546,4388311,129437.97776149977
20,50,15,7712,14548765,2187004,4414485,144990.6074152667
10,50,15,8836,9050417,2961715,4487220,157801.98498587144
1000,50,10,463,43990023,698445,4555507,143309.7758193558
500,50,10,845,40069765,829851,4474568,135266.83774854493
300,50,10,1383,39300715,864428,4418704,135031.65540392653
250,50,10,1469,34712926,983934,4411438,129672.66519542034
200,50,10,1875,35394919,967154,4378000,133338.49061058598
150,50,10,2555,36125458,985843,4374639,129040.42892554025
100,50,10,2815,26338630,1269568,4367959,126792.2038219298
50,50,10,4586,21673743,1544357,4362232,126028.40564358867
31,50,10,6007,17851736,1822709,4374915,122444.13566606869
25,50,10,7184,17395901,1894735,4383208,133338.77017348373
20,50,10,8124,15933623,2047102,4392150,124651.38040334349
10,50,10,9811,10288241,2783887,4468987,135052.8713243368
1000,50,5,656,62359604,413109,4571232,129461.50207619701
500,50,5,1092,51743926,525743,4466259,136489.39184513813
300,50,5,1691,48025649,604904,4396486,131231.23222974926
250,50,5,1955,46244603,646158,4390135,136673.55349672004
200,50,5,2015,38062519,783306,4367499,126452.18583511499
150,50,5,2774,39255978,764022,4349686,133267.80943024537
100,50,5,3709,34882935,899541,4358235,133713.7450669293
50,50,5,4935,23453603,1354747,4351404,117638.75332388561
31,50,5,6690,20015441,1598217,4371928,123101.63496796426
25,50,5,7350,17905976,1767324,4377314,121917.77379929136
20,50,5,7775,15344225,1992021,4391018,133356.07896574348
10,50,5,9707,10233763,2716246,4462827,137585.2237056454
1000,50,3,832,77117767,228517,4558754,130689.39096135629
500,50,3,1349,62487064,335055,4448424,133987.40175408535
300,50,3,1893,52671049,457198,4385665,136055.47266041138
250,50,3,1968,45633069,556228,4378988,131759.3845941119
200,50,3,2465,45698504,555869,4359156,132439.58088944718
150,50,3,3177,44143067,610889,4351062,139987.15879217398
100,50,3,4175,38616309,752211,4351073,132422.61169883134
50,50,3,6065,28483915,1086643,4353311,133018.2944884145
31,50,3,7111,21076238,1459458,4367771,139230.3698275046
25,50,3,7755,18739782,1641279,4374603,139145.8078659075
20,50,3,8605,16870531,1816970,4384525,149092.94167607874
10,50,3,9303,9779564,2721725,4473426,137818.86221378055
1000,50,2,1083,101742944,195735,4562566,133233.34035967136
500,50,2,1847,86733492,185937,4447365,120567.37103910414
300,50,2,2299,64711052,332789,4394541,132607.8429721903
250,50,2,2358,55277533,413346,4374647,135580.85795569912
200,50,2,3079,57719118,410986,4363751,134953.5308473441
150,50,2,3350,47022856,570992,4352560,141785.02415789975
100,50,2,4067,37967098,758714,4351997,126431.76585927882
50,50,2,6062,28671099,1048784,4351119,121631.15465073238
31,50,2,7166,21355831,1430620,4366505,127191.07454564626
25,50,2,6847,16615596,1746512,4368171,140264.9252352872
20,50,2,7697,15145764,1926168,4396288,128750.16341782724
10,50,2,9554,10065460,2666798,4472045,133825.41301433442
1000,40,50,857,28126776,1712951,4572725,157756.87897000439
500,40,50,751,23583374,1842542,4570734,151402.50972366607
300,40,50,891,22153094,1826955,4531234,150580.25597777477
250,40,50,952,20367395,1883394,4499979,148089.72958464222
200,40,50,1215,21000071,1855820,4484824,152773.8319911158
150,40,50,1536,19913384,1912446,4465720,148762.60906391052
100,40,50,2434,21011283,1857268,4452152,145117.85805719567
50,40,50,3553,15647612,2223664,4448306,140342.75627734826
31,40,50,4996,13968110,2433976,4455679,133907.19550033563
25,40,50,6135,14036843,2473561,4463315,137179.9236102758
20,40,50,6422,11977419,2689821,4468653,127420.31886947894
10,40,50,9573,9742458,3158393,4516330,144755.53035827575
1000,40,40,760,29529448,1538104,4565906,157520.57289654907
500,40,40,765,26448897,1586356,4540097,159024.70565054775
300,40,40,912,23168155,1655054,4488049,155691.79528928746
250,40,40,976,20969790,1754434,4479421,155818.5897283925
200,40,40,1296,22316332,1696313,4459720,146490.1272633994
150,40,40,1642,21207161,1748859,4451781,157015.67836702408
100,40,40,2309,19862729,1831201,4443816,147776.86327190071
50,40,40,3684,16163144,2116749,4426816,137010.40440101185
31,40,40,5297,14758090,2302075,4444290,135098.78062681068
25,40,40,6093,13896837,2409952,4456815,147657.6480636887
20,40,40,6489,12065532,2615232,4465210,142649.03074121932
10,40,40,9368,9516494,3127457,4508497,145636.09351756735
1000,40,30,767,36243641,1193265,4551690,155522.49376912872
500,40,30,811,31528335,1263363,4500807,147613.7802027273
300,40,30,1019,26154311,1403562,4458984,144917.64873263592
250,40,30,1097,23490732,1509336,4438770,142802.45877993276
200,40,30,1405,24069147,1481710,4435542,140805.43602363998
150,40,30,2169,27847928,1381468,4414156,132373.9672792033
100,40,30,2235,19130273,1755385,4420986,141706.02493938926
50,40,30,4070,17775062,1924898,4414528,132088.22079906068
31,40,30,5616,15583361,2146767,4426174,141366.2626326347
25,40,30,5766,13103859,2386556,4442899,138621.0677792383
20,40,30,6426,11910051,2547800,4446576,125871.9937879084
10,40,30,9217,9339519,3068234,4504117,137928.4381083003
1000,40,25,593,32945254,1183500,4550520,146492.2498261968
500,40,25,668,27538668,1296831,4482645,158215.76561286813
300,40,25,1071,27437467,1301607,4441190,143732.36259253116
250,40,25,1252,26744407,1331315,4434973,149827.43565185196
200,40,25,1594,27214540,1328244,4415921,145931.0111709989
150,40,25,1736,22231249,1522431,4409839,149131.70784843137
100,40,25,2399,20472073,1640121,4401218,140972.06394138804
50,40,25,4125,17964769,1875936,4406428,125846.34922885508
31,40,25,5655,15654186,2103818,4414901,130166.5483973334
25,40,25,6207,14070441,2269596,4430404,134562.58025016027
20,40,25,7036,13007758,2436113,4439130,134205.63341912915
10,40,25,8786,8890863,3068226,4502340,139068.0270344066
1000,40,20,566,36557273,996044,4547642,158324.30641753323
500,40,20,726,30788414,1110829,4472149,134841.30035453162
300,40,20,1125,28747478,1162824,4433294,141999.08906071674
250,40,20,1267,26969832,1255262,4427619,147251.4245048647
200,40,20,1744,29701347,1167034,4408359,144574.13349252514
150,40,20,1860,23759464,1408990,4399182,134678.89564751554
100,40,20,2767,23536393,1438975,4383360,129620.73369404065
50,40,20,4125,17925540,1816822,4395768,126432.70774260531
31,40,20,5430,14999221,2074058,4408703,136708.1015223713
25,40,20,6849,15488265,2108465,4413688,133735.63802994677
20,40,20,7143,13178641,2343670,4427242,135371.1816250072
10,40,20,9482,9577669,2942739,4488307,145559.14171753556
1000,40,15,413,33818250,960967,4549894,136906.64892345076
500,40,15,742,32917685,983186,4471285,132875.62075077253
300,40,15,1287,34224706,978409,4436028,142056.3444966896
250,40,15,1579,34973703,971659,4415764,140023.9025637363
200,40,15,1649,29195961,1163202,4399549,146830.12837748774
150,40,15,2179,28897787,1202039,4385189,149757.18103972383
100,40,15,3037,26791823,1308831,4380399,131344.30296414075
50,40,15,4564,20459075,1641129,4376800,128258.18975883101
31,40,15,5901,16743172,1937472,4401646,141927.6009886249
25,40,15,7098,16456731,1986546,4388311,129437.97776149977
20,40,15,7712,14548765,2187004,4414485,144990.6074152667
10,40,15,8836,9050417,2961715,4487220,157801.98498587144
1000,40,10,477,45315543,670185,4558413,143879.795704602
500,40,10,865,41027380,780578,4473839,137773.32640382802
300,40,10,1436,40822354,830539,4422776,134404.51045567836
250,40,10,1614,38173839,884130,4409264,133594.3782244431
200,40,10,1851,34943255,976664,4379703,135000.22643641572
150,40,10,2478,35009736,1003328,4375486,129100.32953164107
100,40,10,2815,26338630,1269568,4367959,126792.2038219298
50,40,10,4586,21673743,1544357,4362232,126028.40564358867
31,40,10,6007,17851733,1822709,4374915,122444.13566606895
25,40,10,7184,17395901,1894735,4383208,133338.77017348373
20,40,10,8124,15933623,2047102,4392150,124651.38040334349
10,40,10,9811,10288241,2783887,4468987,135052.8713243368
1000,40,5,625,59324465,394160,4574403,129412.49562171414
500,40,5,957,45344629,619832,4465812,139010.6178687986
300,40,5,1584,44994615,652697,4397896,133188.75034350168
250,40,5,1782,42137283,697249,4391309,137862.0353833735
200,40,5,2015,38062519,783306,4367499,126452.18583511499
150,40,5,2774,39255978,764022,4349686,133267.80943024537
100,40,5,3709,34882935,899541,4358235,133713.7450669293
50,40,5,4935,23453606,1354747,4351404,117638.7533237478
31,40,5,6690,20015441,1598217,4371928,123101.63496796426
25,40,5,7350,17905977,1767324,4377314,121917.77379929136
20,40,5,7775,15344225,1992021,4391018,133356.07896574348
10,40,5,9707,10233763,2716246,4462827,137585.2237056454
1000,40,3,811,75131283,256487,4556506,134042.48788023292
500,40,3,1211,56148577,378355,4447367,131605.68273968503
300,40,3,1907,53056023,450812,4387167,135664.5319101005
250,40,3,2047,47465815,542374,4378679,131183.74447539743
200,40,3,2465,45698504,555869,4359156,132439.58088944718
150,40,3,3177,44143068,610889,4351062,139987.1587921777
100,40,3,4175,38616309,752211,4351073,132422.61169883053
50,40,3,6065,28483914,1086643,4353311,133018.2944884145
31,40,3,7111,21076238,1459458,4367771,139230.3698275046
25,40,3,7755,18739782,1641279,4374603,139145.8078659075
20,40,3,8605,16870531,1816970,4384525,149092.94167607874
10,40,3,9303,9779564,2721725,4473426,137818.86221378055
1000,40,2,1169,109906029,185441,4561918,132433.46872060667
500,40,2,1525,71593701,276332,4451289,118890.67501647664
300,40,2,2248,63282451,348868,4392259,137461.63262897154
250,40,2,2274,53322283,446645,4374194,135310.61030446072
200,40,2,3079,57719118,410986,4363751,134953.5308473441
150,40,2,3350,47022856,570992,4352560,141785.02415789975
100,40,2,4067,37967098,758714,4351997,126431.76585927891
50,40,2,6062,28671099,1048784,4351119,121631.15465073238
31,40,2,7166,21355831,1430620,4366505,127191.07454550284
25,40,2,6847,16615596,1746512,4368171,140264.9252352872
20,40,2,7697,15145764,1926168,4396288,128750.16341782724
10,40,2,9554,10065460,2666798,4472045,133825.41301433442
1000,35,50,998,28166130,1689819,4563592,155710.25385634735
500,35,50,860,23449011,1851921,4561720,154073.66299042263
300,35,50,972,22515745,1819869,4524495,147635.47411676694
250,35,50,1133,23460153,1766640,4498460,150123.4577094394
200,35,50,1166,20041085,1900107,4480515,143579.34844329226
150,35,50,1449,18788791,1968545,4469715,149112.66845669778
100,35,50,2319,20026063,1895051,4448487,140063.11640049412
50,35,50,3553,15647610,2223664,4448306,140342.75627775156
31,35,50,4996,13968110,2433976,4455679,133907.19550033563
25,35,50,6135,14036843,2473561,4463315,137179.9236102758
20,35,50,6422,11977419,2689821,4468653,127420.31886947894
10,35,50,9573,9742458,3158393,4516330,144755.53035827575
1000,35,40,913,30225039,1502226,4552180,158519.8157472279
500,35,40,931,27863548,1546388,4535322,156123.3363375217
300,35,40,887,21701882,1716707,4483560,148581.11769454883
250,35,40,1091,23059790,1682239,4476838,153835.33381168358
200,35,40,1245,21396200,1748146,4467642,153690.30408159716
150,35,40,1619,20902694,1796185,4447737,157272.69319738116
100,35,40,2255,19397236,1860084,4443046,143715.6089582464
50,35,40,3739,16403614,2099480,4426896,137000.7204156259
31,35,40,5297,14758090,2302075,4444290,135098.78062681068
25,35,40,6093,13896836,2409952,4456815,147657.6480636887
20,35,40,6489,12065532,2615232,4465210,142649.03074121932
10,35,40,9368,9516494,3127457,4508497,145636.09351756735
1000,35,30,872,35676953,1208170,4540656,154317.87170914703
500,35,30,804,28751988,1361132,4497679,148059.08962860037
300,35,30,985,24960238,1452506,4460097,144081.9499658986
250,35,30,1195,25531882,1427536,4436482,144930.0582407462
200,35,30,1415,24247336,1492690,4433584,145863.08754642156
150,35,30,1926,24733940,1501765,4419045,132382.16009279946
100,35,30,2576,22043399,1627599,4417234,143421.42182393488
50,35,30,4070,17775060,1924898,4414528,132088.22079866796
31,35,30,5616,15583357,2146767,4426174,141366.26263284692
25,35,30,5766,13103859,2386556,4442899,138621.0677792383
20,35,30,6426,11910051,2547800,4446576,125871.9937879084
10,35,30,9217,9339519,3068234,4504117,137928.4381083003
1000,35,25,758,35631116,1101320,4540331,145100.73877561805
500,35,25,726,28242452,1273999,4484802,153296.22081173697
300,35,25,1113,28449814,1266359,4440829,144268.31880617706
250,35,25,1247,26628540,1319084,4436097,144000.4962629589
200,35,25,1497,25571515,1377814,4418685,145183.45904952264
150,35,25,1849,23679839,1480466,4404285,142904.78981790945
100,35,25,2412,20580058,1642046,4401962,137290.7574209531
50,35,25,4125,17964769,1875936,4406428,125846.34922885508
31,35,25,5655,15654192,2103818,4414901,130166.54839713094
25,35,25,6207,14070441,2269596,4430404,134562.58025016027
20,35,25,7036,13007758,2436113,4439130,134205.63341912915
10,35,25,8786,8890863,3068226,4502340,139068.0270344066
1000,35,20,670,38421656,954976,4539790,152713.8167583837
500,35,20,711,29671495,1148239,4479650,132992.71975142622
300,35,20,1109,28322705,1200045,4432492,145596.8415820868
250,35,20,1284,27334777,1255698,4424805,146195.7231417432
200,35,20,1538,26191935,1284890,4411355,139968.18472523132
150,35,20,1948,24882974,1353798,4396251,134522.94768309777
100,35,20,2598,22108940,1504840,4390053,133045.13138601702
50,35,20,4125,17925539,1816822,4395768,126432.70774260531
31,35,20,5430,14999220,2074058,4408703,136708.10152237135
25,35,20,6849,15488265,2108465,4413688,133735.63802994677
20,35,20,7143,13178640,2343670,4427242,135371.1816250072
10,35,20,9482,9577669,2942739,4488307,145559.14171753556
1000,35,15,492,37476867,896277,4549575,134662.13176479
500,35,15,769,34029287,974380,4475799,134494.21310459683
300,35,15,1324,35223045,967268,4429140,150113.30150007035
250,35,15,1395,30887172,1109531,4417062,136790.7206544872
200,35,15,1694,29985627,1131797,4407195,147394.53142642832
150,35,15,2109,27972706,1220019,4384002,144945.87881034735
100,35,15,3052,26928028,1294767,4380986,134715.58085948057
50,35,15,4564,20459075,1641129,4376800,128258.18975883101
31,35,15,5901,16743177,1937472,4401646,141927.60098883152
25,35,15,7098,16456731,1986546,4388311,129437.97776149977
20,35,15,7712,14548765,2187004,4414485,144990.6074152667
10,35,15,8836,9050417,2961715,4487220,157801.98498587144
1000,35,10,448,42228145,747785,4557188,141901.42686398013
500,35,10,860,40813469,794586,4472498,138638.94987467484
300,35,10,1398,39743986,883279,4419279,134150.7969110261
250,35,10,1660,39274916,863950,4410514,132563.44158158803
200,35,10,1716,32373790,1106676,4382473,135557.17307472002
150,35,10,2660,37618813,944615,4377221,136414.93826744097
100,35,10,2815,26338630,1269568,4367959,126792.2038219298
50,35,10,4586,21673743,1544357,4362232,126028.40564358867
31,35,10,6007,17851738,1822709,4374915,122444.13566586975
25,35,10,7184,17395901,1894735,4383208,133338.77017348373
20,35,10,8124,15933622,2047102,4392150,124651.38040334349
10,35,10,9811,10288241,2783887,4468987,135052.8713243368
1000,35,5,609,57798569,429528,4572460,127885.68578075594
500,35,5,1274,60418657,441668,4461615,132471.04777190872
300,35,5,1629,46256556,615350,4395312,130310.93660066927
250,35,5,1811,42824156,684650,4390247,131762.00112853956
200,35,5,2400,45378412,618043,4361345,127009.23055545072
150,35,5,2725,38554363,790577,4349224,130949.09315643506
100,35,5,3677,34580523,912398,4358372,133513.4822384341
50,35,5,4935,23453606,1354747,4351404,117638.7533237478
31,35,5,6690,20015441,1598217,4371928,123101.63496796426
25,35,5,7350,17905976,1767324,4377314,121917.77379929136
20,35,5,7775,15344225,1992021,4391018,133356.07896574348
10,35,5,9707,10233763,2716246,4462827,137585.2237056454
1000,35,3,822,76175756,260386,4558066,130120.2294330691
500,35,3,1350,62543382,366021,4450717,126194.2788652162
300,35,3,1935,53823877,473498,4381611,137905.20493741086
250,35,3,2282,52884893,470714,4378612,124551.2825818575
200,35,3,2921,54130236,469398,4357768,125108.46639963874
150,35,3,3123,43403902,617841,4352123,137769.84676286636
100,35,3,4197,38820124,748939,4351036,132475.67190042665
50,35,3,6065,28483913,1086643,4353311,133018.65418464394
31,35,3,7111,21076238,1459458,4367771,139230.3698275046
25,35,3,7755,18739782,1641279,4374603,139145.8078659075
20,35,3,8605,16870531,1816970,4384525,149092.94167607874
10,35,3,9303,9779564,2721725,4473426,137818.86221378055
1000,35,2,1223,114958644,132699,4562295,133145.37610085873
500,35,2,1620,76040125,308528,4452264,121322.44573531486
300,35,2,2318,65239270,316105,4390310,126886.20160352287
250,35,2,2338,54812412,424419,4375810,131810.77180791326
200,35,2,2740,51361152,471983,4361433,132332.98740480538
150,35,2,3459,48563278,525121,4349458,137747.93825327666
100,35,2,4067,37967098,758714,4351997,126431.76585927882
50,35,2,6062,28671099,1048784,4351119,121631.15465073238
31,35,2,7166,21355831,1430620,4366505,127191.07454550284
25,35,2,6847,16615596,1746512,4368171,140264.9252352872
20,35,2,7697,15145764,1926168,4396288,128750.16341782724
10,35,2,9554,10065460,2666798,4472045,133825.41301433442
1000,30,50,1163,27354729,1717412,4549650,152545.3474196909
500,30,50,1093,25007845,1792300,4547834,143130.2120061688
300,30,50,1103,22640436,1826755,4515822,144706.77279923722
250,30,50,1149,21989061,1835202,4497586,149617.4270418011
200,30,50,1260,20966872,1880073,4481609,152072.74965690656
150,30,50,1591,20559945,1894361,4464977,147218.72824400652
100,30,50,2330,20119290,1923430,4451229,141103.0418617537
50,30,50,3629,15980981,2201240,4445943,137433.72109739427
31,30,50,4996,13968110,2433976,4455679,133907.19550033563
25,30,50,6135,14036843,2473561,4463315,137179.9236102758
20,30,50,6422,11977419,2689821,4468653,127420.31886947894
10,30,50,9573,9742458,3158393,4516330,144755.53035827575
1000,30,40,1090,30169043,1546680,4539994,150819.78991381178
500,30,40,1012,26168401,1602906,4524191,151235.94512496184
300,30,40,1058,23628873,1679290,4485521,153622.96535606094
250,30,40,1030,20854690,1783249,4472494,150955.28892982594
200,30,40,1263,21391342,1766882,4465455,148068.4422619502
150,30,40,1658,21375415,1763746,4449186,150273.82037062358
100,30,40,2302,19801133,1860148,4440935,145952.34139851696
50,30,40,3925,17216881,2059116,4426189,138056.3581946506
31,30,40,5297,14758090,2302075,4444290,135098.78062681068
25,30,40,6093,13896837,2409952,4456815,147657.6480636887
20,30,40,6489,12065532,2615232,4465210,142649.03074121932
10,30,40,9368,9516494,3127457,4508497,145636.09351756735
1000,30,30,936,32234758,1312129,4534873,150373.01514970415
500,30,30,962,29458620,1338974,4493561,147206.62849456287
300,30,30,1114,27144020,1382941,4454445,139155.20621141754
250,30,30,1200,25252714,1458403,4441230,145979.23967904964
200,30,30,1381,23598560,1545876,4436421,151672.7154301747
150,30,30,1930,24776822,1480990,4422947,136915.2115021606
100,30,30,2387,20431046,1716072,4417246,141600.29388834542
50,30,30,3751,16386062,2011170,4420613,136275.22625738758
31,30,30,5616,15583361,2146767,4426174,141366.2626326347
25,30,30,5766,13103859,2386556,4442899,138621.0677792383
20,30,30,6426,11910051,2547800,4446576,125871.9937879084
10,30,30,9217,9339519,3068234,4504117,137928.4381083003
1000,30,25,815,32555481,1191472,4531424,142102.71615147177
500,30,25,836,29528427,1263189,4476728,151080.44284418438
300,30,25,1062,26796332,1375810,4443317,147547.07545349238
250,30,25,1087,23105251,1479231,4429771,146604.41517999454
200,30,25,1451,24764323,1424091,4416880,142656.27837249418
150,30,25,1789,22911410,1492120,4410410,147317.92379663218
100,30,25,2312,19734734,1677757,4401756,145628.8677097999
50,30,25,4197,18278433,1870726,4406222,125165.94201614335
31,30,25,5655,15654184,2103818,4414901,130166.54839735651
25,30,25,6207,14070442,2269596,4430404,134562.58025016027
20,30,25,7036,13007758,2436113,4439130,134205.63341912915
10,30,25,8786,8890863,3068226,4502340,139068.0270344066
1000,30,20,709,35197363,1014395,4530417,154485.1221013973
500,30,20,703,28096771,1204964,4476327,130982.45932578454
300,30,20,1145,29192871,1178203,4429283,138607.1587958849
250,30,20,1204,25619141,1295381,4422926,142316.938016689
200,30,20,1523,25935040,1295990,4407762,139211.4070816026
150,30,20,2210,28211276,1246176,4396728,133319.96119410085
100,30,20,2714,23093754,1473640,4389299,128276.03731437933
50,30,20,3817,16592366,1874211,4398782,131258.17112113006
31,30,20,5430,14999221,2074058,4408703,136708.1015223713
25,30,20,6849,15488265,2108465,4413688,133735.63802994677
20,30,20,7143,13178641,2343670,4427242,135371.1816250072
10,30,20,9482,9577669,2942739,4488307,145559.14171753556
1000,30,15,523,35959953,927495,4544418,131015.03704131026
500,30,15,794,34941181,925905,4471099,133604.26621793144
300,30,15,1355,36029936,955965,4432274,146858.99411160956
250,30,15,1261,27925519,1212816,4417451,142252.70981237004
200,30,15,1770,31342895,1098602,4406018,146031.8146377401
150,30,15,1982,26281293,1281816,4384695,143257.69777564876
100,30,15,2845,25089799,1355151,4374777,129703.58382825917
50,30,15,4564,20459075,1641129,4376800,128258.18975883101
31,30,15,5901,16743172,1937472,4401646,141927.6009886249
25,30,15,7098,16456731,1986546,4388311,129437.97776149977
20,30,15,7712,14548765,2187004,4414485,144990.6074152667
10,30,15,8836,9050417,2961715,4487220,157801.98498587144
1000,30,10,509,47341321,645408,4554862,139413.19139276573
500,30,10,848,40190710,818238,4469460,139488.63788883592
300,30,10,1476,41983076,820389,4416245,138928.1807898959
250,30,10,1480,34979053,956928,4409994,135568.85899435016
200,30,10,1883,35555934,976519,4382329,130331.8040897039
150,30,10,2294,32384223,1062044,4379329,137662.4105910731
100,30,10,2978,27879145,1216235,4367285,130648.33283363383
50,30,10,4586,21673743,1544357,4362232,126028.40564358867
31,30,10,6007,17851736,1822709,4374915,122444.13566606869
25,30,10,7184,17395901,1894735,4383208,133338.77017348373
20,30,10,8124,15933623,2047102,4392150,124651.38040334349
10,30,10,9811,10288241,2783887,4468987,135052.8713243368
1000,30,5,620,58840691,448693,4568861,131174.45730267055
500,30,5,1325,62870849,465942,4457568,138461.7100211584
300,30,5,1666,47318770,589266,4395703,130976.88694850286
250,30,5,1958,46319890,600916,4388132,132709.0791261005
200,30,5,2171,41034547,700316,4365866,137929.03097977318
150,30,5,2658,37614931,799682,4351057,126466.82927258777
100,30,5,3640,34229338,896410,4358324,135467.09081502407
50,30,5,4935,23453603,1354747,4351404,117638.75332388561
31,30,5,6690,20015441,1598217,4371928,123101.63496796426
25,30,5,7350,17905977,1767324,4377314,121917.77379929136
20,30,5,7775,15344226,1992021,4391018,133356.07896574348
10,30,5,9707,10233763,2716246,4462827,137585.2237056454
1000,30,3,810,75020355,239932,4559247,131217.2055506876
500,30,3,1264,58588468,385978,4451317,132640.65189568774
300,30,3,1889,52540723,465449,4376801,130678.57284619033
250,30,3,2329,53968231,437063,4374089,135242.61290660925
200,30,3,2403,44558229,568187,4371715,129010.25957845917
150,30,3,3061,42543048,657316,4354413,145422.06184730178
100,30,3,4199,38834013,759616,4348139,135608.86838148418
50,30,3,6065,28483915,1086643,4353311,133018.2944884145
31,30,3,7111,21076246,1459458,4367771,139230.36982737557
25,30,3,7755,18739782,1641279,4374603,139145.8078659075
20,30,3,8605,16870532,1816970,4384525,149092.94167607874
10,30,3,9303,9779564,2721725,4473426,137818.86221378055
1000,30,2,980,92035682,174763,4560183,124873.64332659906
500,30,2,1509,70820068,308977,4449186,123363.37925820988
300,30,2,2646,74479486,253259,4381429,122571.79306810816
250,30,2,2457,57596868,390896,4365489,135927.72297510965
200,30,2,2862,53637444,462883,4357966,138292.25876952443
150,30,2,2951,41411470,660976,4357612,123098.49206870157
100,30,2,4039,37697082,761582,4351729,126425.2806790387
50,30,2,6062,28671099,1048784,4351119,121631.15465087716
31,30,2,7166,21355831,1430620,4366505,127191.07454564623
25,30,2,6847,16615596,1746512,4368171,140264.9252352872
20,30,2,7697,15145764,1926168,4396288,128750.16341782724
10,30,2,9554,10065460,2666798,4472045,133825.41301433442
1000,25,50,1367,26032173,1779331,4537188,138151.94193667098
500,25,50,1317,24337722,1803739,4537812,154113.38208184732
300,25,50,1326,22881597,1830512,4510284,142303.0735170533
250,25,50,1405,23276724,1809639,4492507,145515.80722021207
200,25,50,1434,21809652,1862127,4481857,147739.52566889636
150,25,50,1546,19457906,1960610,4463252,148615.70924621462
100,25,50,2192,18902207,1975398,4450570,139403.20884665192
50,25,50,3286,14473912,2322329,4449142,148520.64310731678
31,25,50,5132,14346135,2414201,4456288,134212.11266486766
25,25,50,6135,14036843,2473561,4463315,137179.9236102758
20,25,50,6422,11977419,2689821,4468653,127420.31886947894
10,25,50,9573,9742458,3158393,4516330,144755.53035827575
1000,25,40,1204,27045276,1656684,4532256,144484.92219878078
500,25,40,1335,27314771,1584471,4512711,157141.19830626537
300,25,40,1251,23991423,1680211,4479416,147063.2213473008
250,25,40,1308,23430942,1701396,4475864,149122.6287121484
200,25,40,1372,21942259,1753491,4463555,149345.13845639414
150,25,40,1721,21875757,1755645,4452513,155029.47657565167
100,25,40,2358,20275799,1822157,4444652,146858.9708895555
50,25,40,3852,16895550,2077408,4429503,141151.02317810757
31,25,40,5297,14758090,2302075,4444290,135098.78062681068
25,25,40,6093,13896837,2409952,4456815,147657.6480636887
20,25,40,6489,12065532,2615232,4465210,142649.03074121932
10,25,40,9368,9516494,3127457,4508497,145636.09351756735
1000,25,30,1184,32513732,1301429,4529805,147626.5329684631
500,25,30,1058,26899238,1438357,4490116,145645.6970723205
300,25,30,1268,28007727,1391120,4454696,141883.0744073967
250,25,30,1227,24749441,1508369,4437312,147420.98198128276
200,25,30,1481,24905365,1492425,4429669,147160.35207989375
150,25,30,1727,22111563,1632948,4419812,142608.08923741555
100,25,30,2501,21401153,1706595,4412774,134571.39583129948
50,25,30,3958,17288190,1969680,4408290,133031.32459498756
31,25,30,5616,15583361,2146767,4426174,141366.2626326347
25,25,30,5766,13103859,2386556,4442899,138621.0677792383
20,25,30,6426,11910051,2547800,4446576,125871.9937879084
10,25,30,9217,9339519,3068234,4504117,137928.4381083003
1000,25,25,999,32453276,1217117,4523603,144903.73965444503
500,25,25,895,26777568,1357966,4483583,155644.83684270387
300,25,25,1264,30260294,1231387,4440362,145174.38175579338
250,25,25,1181,24614897,1422900,4430751,144580.8511638176
200,25,25,1511,25636123,1391174,4423575,140998.7768361233
150,25,25,1839,23520013,1477581,4405701,149573.2747891764
100,25,25,2546,21719451,1589544,4398257,144925.38276375117
50,25,25,3982,17346114,1890089,4401478,127563.21024506477
31,25,25,5655,15654186,2103818,4414901,130166.5483973334
25,25,25,6207,14070441,2269596,4430404,134562.58025016027
20,25,25,7036,13007758,2436113,4439130,134205.63341912915
10,25,25,8786,8890863,3068226,4502340,139068.0270344066
1000,25,20,877,35531512,1045318,4526399,150466.9311568387
500,25,20,836,30193712,1150408,4468442,139412.8127222819
300,25,20,1102,27736896,1244303,4428195,136504.21668984776
250,25,20,1305,27616645,1229635,4425149,138034.5876760445
200,25,20,1413,24041354,1377103,4402989,135133.83090431837
150,25,20,1978,25259821,1335482,4398459,135434.82113462334
100,25,20,2556,21747832,1533850,4392490,127311.61126502516
50,25,20,4070,17685093,1814663,4397728,130300.13003883643
31,25,20,5430,14999221,2074058,4408703,136708.1015223713
25,25,20,6849,15488265,2108465,4413688,133735.63802994677
20,25,20,7143,13178641,2343670,4427242,135371.1816250072
10,25,20,9482,9577669,2942739,4488307,145559.14171753556
1000,25,15,611,36680607,952848,4541753,137125.54405326647
500,25,15,835,35793390,944219,4471827,134175.79801307546
300,25,15,1118,29657860,1119099,4437347,147037.43886873315
250,25,15,1337,29577818,1135040,4414152,139732.28526742035
200,25,15,1601,28334306,1182457,4398974,140714.08751971295
150,25,15,2155,28582687,1199290,4379420,138549.4392544825
100,25,15,2356,20765280,1540425,4381201,131509.04226519214
50,25,15,4349,19491778,1680515,4379297,129448.50378076278
31,25,15,5901,16743172,1937472,4401646,141927.6009886249
25,25,15,7098,16456731,1986546,4388311,129437.97776149977
20,25,15,7712,14548765,2187004,4414485,144990.6074152667
10,25,15,8836,9050417,2961715,4487220,157801.98498587144
1000,25,10,563,49776576,632805,4555071,138217.36852405593
500,25,10,813,38421190,862180,4474199,137916.35330648432
300,25,10,1486,42219288,804077,4415862,141852.7062072188
250,25,10,1619,38270711,914935,4405491,139650.22271036805
200,25,10,1779,33560404,1045536,4381172,137140.89929454852
150,25,10,1885,26544607,1237442,4389021,131682.38007430034
100,25,10,3012,28200858,1203208,4365506,121783.15884387234
50,25,10,5024,23767758,1470659,4360109,121910.03122881945
31,25,10,6007,17851737,1822709,4374915,122444.13566606869
25,25,10,7184,17395901,1894735,4383208,133338.77017348373
20,25,10,8124,15933623,2047102,4392150,124651.38040334349
10,25,10,9811,10288241,2783887,4468987,135052.8713243368
1000,25,5,635,60109948,423624,4570066,127904.72409132372
500,25,5,1158,54877807,538403,4465521,139518.54277567493
300,25,5,1817,51632148,558369,4391617,131596.36714095698
250,25,5,1970,46605858,654993,4387076,128407.93234506219
200,25,5,2135,40351547,730095,4366586,136054.30955683073
150,25,5,2616,37010387,800552,4358029,135357.38626257886
100,25,5,3289,30907670,979148,4354592,137768.38955119118
50,25,5,4949,23518025,1352458,4350629,116742.8701914457
31,25,5,6690,20015441,1598217,4371928,123101.63496796426
25,25,5,7350,17905977,1767324,4377314,121917.77379929136
20,25,5,7775,15344225,1992021,4391018,133356.07896574348
10,25,5,9707,10233763,2716246,4462827,137585.2237056454
1000,25,3,858,79432351,248136,4564551,133060.84687892967
500,25,3,1253,58041260,410274,4453242,135783.40957990818
300,25,3,1950,54243990,421763,4381171,133019.86428108416
250,25,3,2192,50810076,508013,4370504,124859.86900046178
200,25,3,2228,41322457,652292,4368261,128587.06943260346
150,25,3,3105,43152412,615772,4356954,133351.26987721873
100,25,3,3847,35588511,789090,4348496,135311.40173416125
50,25,3,5696,26747413,1159637,4355991,129128.05575449951
31,25,3,7111,21076240,1459458,4367771,139230.3698274837
25,25,3,7755,18739782,1641279,4374603,139145.8078659075
20,25,3,8605,16870532,1816970,4384525,149092.94167607874
10,25,3,9303,9779564,2721725,4473426,137818.86221378055
1000,25,2,1023,96038490,161138,4560073,129412.72250193544
500,25,2,1741,81701495,263181,4451423,126270.75785482011
300,25,2,2122,59716537,364939,4385376,134785.5332416389
250,25,2,2695,63188581,351381,4372700,129985.65084733558
200,25,2,2992,56072618,404516,4364379,138700.5618544021
150,25,2,3314,46523747,557946,4345771,131364.5792435304
100,25,2,4597,42918090,641821,4342491,123097.15348895876
50,25,2,6061,28663205,1060643,4351612,121216.36926258133
31,25,2,7166,21355831,1430620,4366505,127191.07454550284
25,25,2,6847,16615596,1746512,4368171,140264.9252352872
20,25,2,7697,15145764,1926168,4396288,128750.16341782724
10,25,2,9554,10065460,2666798,4472045,133825.41301433442
1000,20,50,1762,25184656,1809877,4520808,150392.8242756483
500,20,50,1651,23116896,1874482,4526764,148787.99580425324
300,20,50,1717,22953151,1862280,4509162,141262.47237478453
250,20,50,1605,21204992,1915204,4490037,144012.80011329902
200,20,50,1518,19262946,2014638,4477463,145082.34335573713
150,20,50,1786,20270434,1956027,4460551,143735.60947469622
100,20,50,2076,17647388,2063976,4453968,139849.51923130138
50,20,50,3747,16498907,2189707,4447068,143230.70907280224
31,20,50,4813,13456553,2458587,4454874,146594.0473139204
25,20,50,5776,13216443,2519903,4465699,140804.1865083718
20,20,50,6422,11977419,2689821,4468653,127420.31886947894
10,20,50,9573,9742458,3158393,4516330,144755.53035827575
1000,20,40,1710,27477936,1648821,4513509,145098.03110130943
500,20,40,1625,24960609,1719577,4511820,151882.06509978112
300,20,40,1648,24106051,1709694,4476657,144866.7586404969
250,20,40,1619,22998327,1759187,4476011,142480.5763193804
200,20,40,1543,20873575,1850091,4459298,148441.6058064679
150,20,40,1830,21560127,1810700,4450236,153439.12510818604
100,20,40,2212,18868292,1941188,4446108,152505.94753978762
50,20,40,3707,16264863,2112623,4430277,138557.8466036421
31,20,40,5040,14046314,2351411,4448265,137398.57764109972
25,20,40,6139,14001940,2415633,4458300,147153.14656664812
20,20,40,6489,12065532,2615232,4465210,142649.03074121932
10,20,40,9368,9516494,3127457,4508497,145636.09351756735
1000,20,30,1602,32445841,1314474,4505842,137204.18677720233
500,20,30,1289,25014430,1540520,4481533,149347.11936652806
300,20,30,1203,22193258,1653091,4451872,137293.0453720672
250,20,30,1369,23767332,1585165,4442942,143751.13976518004
200,20,30,1389,21668489,1661073,4440636,146805.90495106025
150,20,30,1862,23374596,1592701,4424026,140860.95648294213
100,20,30,2339,19957222,1755890,4419909,136565.31904586934
50,20,30,3959,17291971,1980604,4406058,135742.89475643227
31,20,30,5756,15972967,2128639,4426011,130355.24511894064
25,20,30,6106,13873993,2321960,4438422,135115.626965665
20,20,30,6426,11910051,2547800,4446576,125871.9937879084
10,20,30,9217,9339519,3068234,4504117,137928.4381083003
1000,20,25,1425,34271420,1182632,4516779,142834.398634634
500,20,25,1326,30124079,1277288,4473471,144047.32303557376
300,20,25,1375,28544482,1318182,4444185,136313.1369086412
250,20,25,1296,24869395,1457905,4427514,137800.6168167325
200,20,25,1342,22064149,1556741,4415215,146785.07167131166
150,20,25,1888,23911079,1476056,4400141,141043.89525868773
100,20,25,2799,23850208,1495563,4397889,138296.46958117833
50,20,25,3651,15910869,1961944,4409718,134116.64689388138
31,20,25,4891,13545247,2248904,4424276,130790.05036417834
25,20,25,6207,14070441,2269596,4430404,134562.58025016027
20,20,25,7036,13007758,2436113,4439130,134205.63341912915
10,20,25,8786,8890863,3068226,4502340,139068.0270344066
1000,20,20,1105,35401198,1056579,4518550,155311.93799118765
500,20,20,998,30794574,1149258,4470664,133508.58015574003
300,20,20,1128,26998732,1288900,4429625,140544.52104900382
250,20,20,1354,27934737,1258215,4417327,145364.37076512602
200,20,20,1488,24981918,1365180,4411067,136000.62275360528
150,20,20,2099,26729105,1307501,4392376,133810.2683347345
100,20,20,2822,24002000,1432209,4382476,135470.96644267015
50,20,20,4271,18557877,1793588,4385422,131219.86912981575
31,20,20,6277,17332713,1926489,4393361,130945.36685919356
25,20,20,6849,15488265,2108465,4413688,133735.63802994677
20,20,20,7143,13178641,2343670,4427242,135371.1816250072
10,20,20,9482,9577669,2942739,4488307,145559.14171753556
1000,20,15,747,36216925,982907,4528540,135719.2948614145
500,20,15,944,37438439,923767,4466412,125038.78862382387
300,20,15,1161,30335244,1144841,4432438,139861.7282780588
250,20,15,1357,29827325,1151686,4420497,130910.18723558958
200,20,15,1452,25613358,1319769,4401722,135037.2706116821
150,20,15,1859,24621245,1350809,4395835,133934.37117888973
100,20,15,2601,22924752,1451490,4378768,138084.38124873777
50,20,15,3941,17660034,1787243,4394629,127914.51395038293
31,20,15,5703,16180670,1949463,4396158,128704.48150426162
25,20,15,7120,16508447,1986736,4388744,129649.78937206844
20,20,15,7712,14548765,2187004,4414485,144990.6074152667
10,20,15,8836,9050417,2961715,4487220,157801.98498587144
1000,20,10,586,44776723,741724,4546060,138746.66920928456
500,20,10,920,42816371,790955,4468011,129038.82367874218
300,20,10,1365,38638483,907951,4415305,132888.4437532843
250,20,10,1431,33723360,1015350,4409090,133164.98807795174
200,20,10,1723,32465859,1105904,4379720,131501.60191511828
150,20,10,2344,33075324,1051094,4380874,135412.4594207095
100,20,10,2790,26095505,1291210,4375380,128678.58855759866
50,20,10,5125,24245289,1426063,4358170,125210.73441744139
31,20,10,6207,18448886,1782255,4372443,124115.99202723618
25,20,10,7171,17364645,1896275,4383317,133399.63652577318
20,20,10,8124,15933623,2047102,4392150,124651.38040334349
10,20,10,9811,10288241,2783887,4468987,135052.8713243368
1000,20,5,662,61825253,406328,4569095,144164.17414430456
500,20,5,1106,52272187,567733,4458581,133893.1150137924
300,20,5,1622,46018682,623670,4395946,133783.97981437892
250,20,5,1949,46077135,608171,4384918,136151.688713259
200,20,5,2229,42104359,689730,4362596,128419.2168354048
150,20,5,2552,36085516,817624,4345642,136420.6639895801
100,20,5,3795,35689053,895014,4347991,138615.97970584792
50,20,5,4864,23113253,1377605,4364700,126862.29027181162
31,20,5,7245,21686970,1513890,4365880,128057.07439798494
25,20,5,7350,17905976,1767324,4377314,121917.77379929136
20,20,5,7775,15344225,1992021,4391018,133356.07896574348
10,20,5,9707,10233763,2716246,4462827,137585.2237056454
1000,20,3,776,71524209,269617,4567327,124802.26931956635
500,20,3,1432,66269042,318465,4444752,122979.04518975767
300,20,3,1693,47088883,557216,4380031,132153.66867051323
250,20,3,2348,54390394,444515,4366496,123439.1119323374
200,20,3,2638,48901517,520821,4356768,125853.15672715822
150,20,3,3292,45742383,579298,4348668,133388.81865485106
100,20,3,3877,35863510,793417,4350489,137005.45591742825
50,20,3,6419,30147889,1011563,4347702,128241.8605723963
31,20,3,7142,21168537,1479270,4362203,136000.8275284118
25,20,3,7755,18739782,1641279,4374603,139145.8078659075
20,20,3,8605,16870531,1816970,4384525,149092.94167607874
10,20,3,9303,9779564,2721725,4473426,137818.86221378055
1000,20,2,992,93020803,201927,4551781,131302.5528101383
500,20,2,1446,67818128,318335,4451364,119095.33269402187
300,20,2,2040,57406162,418004,4383757,128378.33287890948
250,20,2,2693,63122287,344660,4374223,132132.59908643545
200,20,2,3027,56734024,407511,4357007,129919.63491882318
150,20,2,3708,52061646,519308,4341559,128994.51657966571
100,20,2,4735,44217377,630894,4343096,123576.36466285333
50,20,2,6918,32728929,922592,4347498,116302.50572067904
31,20,2,7413,22095113,1391892,4364735,129839.94196278541
25,20,2,7065,17148452,1720396,4367216,140800.28182738431
20,20,2,7697,15145764,1926168,4396288,128750.16341782724
10,20,2,9554,10065460,2666798,4472045,133825.41301433442
1000,15,50,2029,21007491,2019174,4507564,145016.36234310386
500,15,50,2127,21491260,1991872,4516774,146996.92464065712
300,15,50,1964,19344555,2068326,4494175,136270.77083546796
250,15,50,2037,20196693,2004127,4484255,149318.72412513863
200,15,50,2431,23775642,1851891,4481355,144349.7362153622
150,15,50,2333,21620492,1931546,4464041,143949.98601501508
100,15,50,2327,18209685,2119465,4462968,139562.315423545
50,15,50,3632,15928687,2258122,4451636,136846.92053646038
31,15,50,4683,13094965,2488260,4455886,147727.59529725704
25,15,50,6008,13746523,2490783,4458569,138176.4751367245
20,15,50,6554,12223897,2664509,4465464,135118.73639405798
10,15,50,9573,9742458,3158393,4516330,144755.53035827575
1000,15,40,2488,26273766,1757741,4506121,144294.5163700266
500,15,40,2353,23980631,1813434,4500366,152828.9017038108
300,15,40,1870,18782192,2025545,4480705,154419.86133638184
250,15,40,1990,19845187,1963283,4477982,144653.83422218807
200,15,40,2163,21061797,1911270,4478975,148806.50323170144
150,15,40,2370,22305582,1868437,4455469,148080.3288803369
100,15,40,2551,20097242,1942882,4443311,143669.1955507139
50,15,40,3809,16666077,2132507,4429041,131683.70434229623
31,15,40,5395,15030330,2303661,4439512,145690.2874664431
25,15,40,5701,13004818,2474989,4455776,139510.42652004794
20,15,40,6218,11564747,2651563,4464070,134108.84681417636
10,15,40,9368,9516494,3127457,4508497,145636.09351756735
1000,15,30,1935,26664477,1573372,4498352,157327.46910556074
500,15,30,1880,24802685,1613922,4473669,148042.80289487517
300,15,30,1633,22621579,1692980,4454102,139866.9490817271
250,15,30,1843,24235966,1623252,4447594,143932.47933121602
200,15,30,1898,24041809,1611133,4435372,149736.18994402306
150,15,30,2042,23271871,1652063,4419513,143636.12913249715
100,15,30,2590,21602583,1710678,4419113,128189.98748783572
50,15,30,3840,16751954,2015371,4411901,142165.69475966803
31,15,30,4821,13387152,2291437,4423957,135215.26385594116
25,15,30,5975,13579672,2331779,4433951,140617.73031691706
20,15,30,7254,13436011,2430337,4445194,140186.04734995027
10,15,30,9217,9339519,3068234,4504117,137928.4381083003
1000,15,25,1593,26454851,1483583,4491179,149635.65448279885
500,15,25,1589,27075531,1412790,4470907,145797.24567258314
300,15,25,1578,26391669,1483192,4442594,149839.92303597598
250,15,25,1650,26034084,1458396,4441386,134121.81842166252
200,15,25,1690,24273280,1533244,4426182,141075.28362212828
150,15,25,1775,21299463,1660794,4402697,138143.32262734632
100,15,25,2351,19773639,1730877,4401532,139114.49433983682
50,15,25,4020,17501170,1897404,4404811,128539.49918190294
31,15,25,5483,15183193,2118176,4407065,129869.0143446471
25,15,25,6217,14093989,2259411,4432855,139210.281485896
20,15,25,7078,13085917,2394385,4430758,136105.8369512724
10,15,25,8786,8890863,3068226,4502340,139068.0270344066
1000,15,20,1216,29541742,1258760,4496300,138081.66993813246
500,15,20,1439,32509709,1159568,4466339,133147.2789157846
300,15,20,1431,28821250,1262178,4428600,135118.14454040787
250,15,20,1225,22513148,1538811,4420340,137858.90559267782
200,15,20,1703,26912034,1348928,4405002,133766.6440646789
150,15,20,2106,26119275,1370820,4393649,135859.79653635956
100,15,20,2611,22089241,1537969,4381593,135094.71846838592
50,15,20,4080,17730894,1820155,4396816,131884.5562168092
31,15,20,5706,15761480,2032236,4412407,134019.42830038632
25,15,20,5978,13525978,2236660,4421428,140643.62988495882
20,15,20,7154,13198931,2336836,4436959,141943.58433898535
10,15,20,9482,9577669,2942739,4488307,145559.14171753556
1000,15,15,1170,38434772,970937,4518759,137608.76805221575
500,15,15,1091,33004185,1095623,4468592,129995.611500323
300,15,15,1277,30698300,1179142,4424321,138512.6111286211
250,15,15,1329,27876614,1286340,4405977,136948.9048822359
200,15,15,1749,30278353,1203031,4400583,139061.92368155075
150,15,15,2132,28011776,1297210,4389973,128651.46415828924
100,15,15,2655,23350607,1452648,4385188,132417.42746101654
50,15,15,4528,20287407,1639222,4387698,121957.81535971188
31,15,15,6153,17459336,1876186,4396414,128797.07257498361
25,15,15,6035,13991439,2162654,4408202,143769.24050567503
20,15,15,7269,13711234,2238339,4413002,147352.53782468947
10,15,15,8836,9050417,2961715,4487220,157801.98498587144
1000,15,10,861,43361696,844529,4539628,129764.56848508182
500,15,10,1036,42161610,866652,4465804,128858.10505157514
300,15,10,1200,33008802,1072113,4411117,139082.2056061628
250,15,10,1486,34575796,1040103,4403519,138333.04574929745
200,15,10,1927,36065151,995195,4387869,132907.05211131534
150,15,10,2172,30501845,1159685,4375267,136671.34388687875
100,15,10,3233,30221266,1166678,4366971,119970.30779712176
50,15,10,4522,21360514,1576533,4370501,131154.60812835104
31,15,10,5981,17776672,1841303,4388057,141649.47117931486
25,15,10,6301,15238951,2057028,4391434,141459.17495194398
20,15,10,7941,15571660,2065883,4394563,140706.86317116735
10,15,10,9811,10288241,2783887,4468987,135052.8713243368
1000,15,5,779,61610989,473918,4559911,139245.26503306735
500,15,5,1023,47495263,670568,4462395,137612.02773571364
300,15,5,1580,44541240,706554,4403180,134711.46264008898
250,15,5,1774,41718597,753854,4382922,140443.25956333228
200,15,5,2171,40858412,754503,4368825,134224.7828711356
150,15,5,2664,37598315,837063,4354446,126320.01156591524
100,15,5,3220,30211091,1047800,4348735,133465.9212861322
50,15,5,5894,28032996,1190688,4348409,126707.9363588107
31,15,5,7066,21144219,1522515,4373784,129620.26718372057
25,15,5,6304,15339433,1911289,4383880,128432.1979832415
20,15,5,7557,14907705,2003896,4391307,141262.00829427503
10,15,5,9707,10233763,2716246,4462827,137585.2237056454
1000,15,3,793,69692149,347431,4561525,132610.80832294223
500,15,3,1222,56271483,492502,4461505,130084.00973915934
300,15,3,1864,51704971,499030,4387126,133971.39463324478
250,15,3,2230,51541291,521925,4378097,138809.1242724105
200,15,3,2450,45341177,611847,4359347,134444.37255894573
150,15,3,2745,38122795,743176,4358305,128422.31875407648
100,15,3,3765,34814186,845096,4351126,122304.58390961145
50,15,3,5686,26701298,1139862,4345839,127679.06096152496
31,15,3,6885,20403471,1519799,4381590,133117.19004771154
25,15,3,8024,19391355,1607614,4366186,144300.18993296908
20,15,3,8167,16010641,1888641,4389817,143275.1232372253
10,15,3,9303,9779564,2721725,4473426,137818.86221378055
1000,15,2,943,87103325,250154,4555064,135209.15342096664
500,15,2,1509,70508483,318397,4451311,121688.51110930275
300,15,2,2239,62873096,420017,4397238,125816.32153978823
250,15,2,2101,49142334,534303,4375845,147453.72414033161
200,15,2,2505,46860231,561831,4362011,123267.90079341305
150,15,2,2983,41816714,701334,4349455,124793.46727978728
100,15,2,4708,43928428,639456,4340532,131094.596009739
50,15,2,5598,26465726,1152336,4356444,125859.81208575604
31,15,2,7043,20988384,1464636,4375138,121064.5044346892
25,15,2,7534,18289917,1645117,4380977,119927.27959456012
20,15,2,8128,15995051,1852317,4384530,142270.82036855875
10,15,2,9554,10065460,2666798,4472045,133825.41301433442
1000,10,50,3253,20078912,2124985,4492180,135725.59843561065
500,10,50,3253,20078911,2124985,4492180,135725.59843561065
300,10,50,3013,18727236,2214097,4492149,138782.78150209557
250,10,50,2933,18113497,2226712,4492942,141618.50555630017
200,10,50,2932,17789617,2264247,4485794,142498.54933278883
150,10,50,2786,16794946,2292402,4484919,138162.3099567422
100,10,50,3001,17197724,2286271,4470336,137782.605121542
50,10,50,3820,15761389,2376545,4455463,129237.34726450859
31,10,50,5072,14052709,2494836,4455878,138717.3798234618
25,10,50,5666,12933187,2601841,4471938,125167.98294703384
20,10,50,6691,12474734,2669723,4463664,137104.2667187199
10,10,50,9573,9742458,3158393,4516330,144755.53035827575
1000,10,40,3161,20820557,2019607,4484407,146148.18706550048
500,10,40,3161,20820556,2019607,4484407,146148.18706550048
300,10,40,2858,18549867,2129029,4481195,141615.8195368011
250,10,40,3054,19488579,2056535,4480236,147588.92161899386
200,10,40,3255,20673112,2001434,4462986,143773.37757141658
150,10,40,2988,18938510,2099958,4461769,144711.6369452487
100,10,40,3100,18595816,2136968,4462614,146002.2933271643
50,10,40,3677,15263145,2327757,4456538,143503.0009260989
31,10,40,5041,13941164,2448237,4449559,140574.3269673813
25,10,40,5151,11729119,2630959,4465426,143019.20921325445
20,10,40,6552,12183339,2634880,4467953,153042.94205552037
10,10,40,9368,9516494,3127457,4508497,145636.09351756735
1000,10,30,2690,21659920,1844273,4462003,141883.614444478
500,10,30,2705,21965842,1829626,4456122,142529.2002212375
300,10,30,2743,21733406,1857531,4462292,131375.15399565434
250,10,30,2571,20363758,1886329,4455877,136040.48696317384
200,10,30,2503,19457772,1968033,4461394,137398.41492929615
150,10,30,2732,20921379,1871540,4438500,141116.81842157972
100,10,30,2745,18647143,1982783,4421022,142452.4271075028
50,10,30,4035,17177792,2087054,4423328,132538.47511430236
31,10,30,5260,14556010,2271375,4432048,137346.43372293015
25,10,30,5637,12801593,2440696,4448608,142403.7101388261
20,10,30,7360,13632858,2429475,4451204,144140.63619447994
10,10,30,9217,9339519,3068234,4504117,137928.4381083003
1000,10,25,2670,24791432,1653333,4464722,142756.21006559167
500,10,25,2400,22296003,1738130,4452927,139636.7882307291
300,10,25,2623,23458589,1701204,4441638,137831.57014873083
250,10,25,2390,21495908,1808862,4457465,135304.3091607761
200,10,25,2448,21759442,1768527,4438012,139294.87890773304
150,10,25,2438,20583440,1829395,4426951,141552.71966526774
100,10,25,2609,19117574,1881327,4414107,132833.6375288974
50,10,25,3682,15803725,2091352,4423334,136952.8152296951
31,10,25,5070,14017723,2258684,4427534,133842.25224328466
25,10,25,5650,12814323,2391238,4441162,119546.74754274228
20,10,25,6403,11845899,2525114,4448258,125595.28545972743
10,10,25,8786,8890863,3068226,4502340,139068.0270344066
1000,10,20,2080,22848921,1652735,4449359,144813.96219109316
500,10,20,2242,24246741,1579511,4445164,131626.56213960962
300,10,20,2430,25612313,1507522,4432255,131311.25383777145
250,10,20,2152,22530196,1643683,4432417,133897.44635511344
200,10,20,2292,23441002,1635210,4425192,132773.94924130855
150,10,20,2406,23138829,1624785,4414164,133235.8120498853
100,10,20,2505,19651032,1813673,4409500,125428.31323474408
50,10,20,3839,16573446,1978171,4404145,122358.11255344763
31,10,20,5389,14881115,2132617,4412798,133353.36785394358
25,10,20,5761,13038132,2297626,4423584,131027.06092406054
20,10,20,6376,11771833,2469160,4441370,132120.98402136323
10,10,20,9482,9577669,2942739,4488307,145559.14171753556
1000,10,15,1990,27459974,1434129,4439340,134179.45011593925
500,10,15,2115,28770141,1357337,4441216,134913.7028014478
300,10,15,1950,25896850,1483210,4429969,118029.97108153316
250,10,15,2069,26925272,1430416,4425103,131682.9155856731
200,10,15,2098,26286232,1471170,4414468,132088.62783900934
150,10,15,2132,23914221,1549722,4405457,132432.50883703667
100,10,15,2862,24126554,1554683,4389851,128245.4082128904
50,10,15,4326,19311553,1784327,4395355,123069.0906387203
31,10,15,5420,15370054,2057676,4408762,133009.0808474152
25,10,15,6257,14505060,2153018,4412620,128391.34512775253
20,10,15,7321,13810831,2246065,4417402,140339.06923537474
10,10,15,8836,9050417,2961715,4487220,157801.98498587144
1000,10,10,1726,32253686,1241639,4444981,134631.9955587381
500,10,10,1664,30694233,1283031,4447001,142361.08382455373
300,10,10,1695,29930403,1322522,4415366,126208.8731634114
250,10,10,1759,29915177,1318555,4414553,132786.11082441665
200,10,10,2051,32167673,1241432,4402574,131858.8537250653
150,10,10,2283,29747363,1306113,4379600,134703.6946802473
100,10,10,3042,27808818,1358413,4373249,128654.9286741292
50,10,10,4405,20669371,1678816,4376829,127291.22853932132
31,10,10,6202,18386407,1832048,4382415,123974.54963100361
25,10,10,7200,17401850,1930181,4398664,120801.04168589022
20,10,10,6765,13240378,2279759,4411172,146705.21044674676
10,10,10,9811,10288241,2783887,4468987,135052.8713243368
1000,10,5,1609,42821019,917292,4462651,129497.26277331894
500,10,5,1609,41763252,929236,4439724,133664.39836832392
300,10,5,1750,40900519,928759,4416404,129445.59769586322
250,10,5,1990,42108924,915196,4395693,135869.1847187138
200,10,5,2085,37377948,1018100,4391543,137954.66272302886
150,10,5,2341,32251190,1109645,4366775,139189.30658640692
100,10,5,3360,31178946,1138986,4367434,126885.26182654579
50,10,5,5489,25970074,1338282,4350549,128376.69134036881
31,10,5,5724,17066870,1809799,4384889,140214.8525698173
25,10,5,6979,16969731,1841488,4393662,127108.34407905444
20,10,5,8157,16090006,1947487,4378860,136930.81846982654
10,10,5,9707,10233763,2716246,4462827,137585.2237056454
1000,10,3,1751,57934259,650594,4460768,138722.4466738472
500,10,3,1643,52553797,690264,4443694,139108.30735377248
300,10,3,1907,49187819,726379,4408242,131729.7870749712
250,10,3,1860,41543026,846641,4384891,128084.4786143037
200,10,3,2164,39359414,892715,4379191,135989.2719280519
150,10,3,2843,39110176,851612,4374817,131157.83980868995
100,10,3,3710,34086847,977129,4353847,122787.72537264947
50,10,3,4499,21065249,1497239,4371037,127295.16956068751
31,10,3,6565,19431793,1638684,4385781,117315.32719291955
25,10,3,6870,16584350,1810030,4378641,127811.9363173031
20,10,3,7879,15439015,1941357,4391148,138930.6148586285
10,10,3,9303,9779563,2721725,4473426,137818.86221378055
1000,10,2,1651,64860343,583960,4471752,138978.97810865782
500,10,2,1537,57196490,653267,4445103,134999.16045839814
300,10,2,1855,50362608,675524,4411461,134955.3960428029
250,10,2,1896,43435050,811518,4401717,141329.4442960383
200,10,2,2316,42849615,767833,4387586,125549.24313495813
150,10,2,2975,41374728,792922,4363827,128735.52936346743
100,10,2,3552,32941570,1008401,4372300,125453.65257562583
50,10,2,5704,26894935,1189383,4358267,122344.4908026025
31,10,2,7206,21443464,1487978,4368492,131350.42200571296
25,10,2,6987,16942606,1759018,4381523,131076.57876640745
20,10,2,7115,13991485,2055981,4403295,150999.9103595607
10,10,2,9554,10065460,2666798,4472045,133825.41301433442
1000,9,50,3611,18823804,2249415,4487109,138780.08772677818
500,9,50,3611,18823803,2249415,4487109,138780.08772677818
300,9,50,3328,17343740,2316014,4494512,143989.85924401128
250,9,50,3445,17829643,2302476,4493192,137253.64130163746
200,9,50,3440,17648283,2301061,4485459,145839.4026036583
150,9,50,3312,16886055,2351876,4482624,140610.23893135914
100,9,50,3448,17153659,2327618,4480746,135857.36368722966
50,9,50,3728,14745420,2475219,4462614,132750.51686592543
31,9,50,4371,12010076,2682109,4470910,150774.92930366728
25,9,50,5627,12786529,2649317,4474590,144435.76701490322
20,9,50,6106,11374407,2780850,4470535,132634.0734828475
10,9,50,9573,9742457,3158393,4516330,144755.53035827575
1000,9,40,3437,19027144,2151029,4479156,143063.91211651528
500,9,40,3437,19027143,2151029,4479156,143063.91211651528
300,9,40,3437,18879218,2176402,4485462,140359.8945493615
250,9,40,3440,18771065,2164003,4471257,145081.18633457457
200,9,40,3164,17136329,2237450,4483294,150299.40233018715
150,9,40,3375,18004822,2202156,4474442,138263.94302225762
100,9,40,3277,16996674,2243562,4463256,140666.43504035549
50,9,40,4153,16505102,2280700,4451187,150095.34632425266
31,9,40,4908,13462913,2502092,4460425,141525.19587308945
25,9,40,5628,12753519,2573023,4463725,152177.25668743972
20,9,40,6438,11957892,2676454,4466802,151304.17190901688
10,9,40,9368,9516493,3127457,4508497,145636.09351756735
1000,9,30,3278,21542874,1893076,4458124,142331.2568160884
500,9,30,3278,21542873,1893076,4458124,142331.2568160884
300,9,30,3299,21573318,1903362,4464025,147509.575047795
250,9,30,2908,18801445,2034152,4460050,138043.3886780094
200,9,30,2957,19089616,2013601,4454487,153253.8777901189
150,9,30,2874,18179257,2063919,4442288,142180.0409776809
100,9,30,3190,19177574,2036297,4436855,129168.46052773463
50,9,30,4039,16768260,2170580,4436347,139758.56710605128
31,9,30,5191,14293700,2328517,4443126,141428.37086629774
25,9,30,5638,12784714,2470565,4446529,133490.65800435384
20,9,30,6425,11898083,2574251,4453530,139587.4383405742
10,9,30,9217,9339518,3068234,4504117,137928.4381083003
1000,9,25,2758,20284352,1893530,4456843,138817.0065714257
500,9,25,2758,20284350,1893530,4456843,138817.0065714257
300,9,25,2694,19718016,1917708,4450789,137773.18670442695
250,9,25,2808,20478762,1869915,4452213,140753.5460821123
200,9,25,2650,19256974,1935319,4456767,145975.80327790888
150,9,25,2667,18923061,1964014,4431913,139787.44866229247
100,9,25,2854,18852893,1981489,4421891,135471.01887328213
50,9,25,3509,14826495,2210502,4425516,137726.20089609677
31,9,25,5159,14228054,2286949,4430695,144838.36198954462
25,9,25,6270,14208110,2306463,4434168,139199.68928591744
20,9,25,6251,11563277,2551827,4440996,146765.60432120395
10,9,25,8786,8890862,3068226,4502340,139068.0270344066
1000,9,20,2578,21899725,1738571,4433339,134659.86710256082
500,9,20,2578,21899724,1738571,4433339,134659.86710256082
300,9,20,2596,21802110,1742130,4435346,138957.405660042
250,9,20,2519,20989278,1777451,4442634,136237.99324430028
200,9,20,2586,21247679,1769902,4432286,129640.81517591758
150,9,20,2876,23038887,1679716,4418210,137077.6436240843
100,9,20,2729,19634889,1847070,4410734,129525.1719301647
50,9,20,3621,15531275,2092176,4403681,133407.16070167825
31,9,20,6032,16631178,2062180,4419603,127815.73171846637
25,9,20,5978,13524417,2286337,4428670,130977.3640425794
20,9,20,6174,11406050,2521445,4440953,138494.7738880874
10,9,20,9482,9577668,2942739,4488307,145559.14171753556
1000,9,15,2392,24877179,1554086,4426348,126039.1558488264
500,9,15,2392,24877178,1554086,4426348,126039.1558488264
300,9,15,2286,23423913,1630768,4434837,130591.67729093359
250,9,15,2233,22843527,1644376,4426857,116184.98045367666
200,9,15,2289,22922567,1661391,4427530,127995.04122845715
150,9,15,2526,24447809,1581835,4412115,134377.3441216329
100,9,15,2864,22906526,1644119,4400472,140058.45496239452
50,9,15,4001,17769394,1909024,4405074,122075.62618224633
31,9,15,4929,13968946,2186062,4411878,136717.68786327477
25,9,15,6197,14363667,2181975,4415467,141572.95903621832
20,9,15,7538,14220845,2249686,4415033,131750.0453555853
10,9,15,8836,9050416,2961715,4487220,157801.98498587144
1000,9,10,2184,29394341,1380518,4429181,133105.97090588277
500,9,10,2184,29394340,1380518,4429181,133105.97090588277
300,9,10,2184,28972394,1382202,4413480,133746.2444387761
250,9,10,2098,27663259,1435324,4420900,138423.56205473823
200,9,10,2093,26802726,1475930,4402630,135091.0217400135
150,9,10,2356,27719318,1438504,4393666,130060.68071215454
100,9,10,2939,26156096,1474506,4392823,134863.49983819976
50,9,10,4296,20070568,1779275,4384351,123986.4294453502
31,9,10,5753,17011902,1957189,4392808,125487.75556105377
25,9,10,5929,14283339,2146104,4404954,144535.6438196168
20,9,10,7504,14682486,2159960,4406868,141954.77393749097
10,9,10,9811,10288240,2783887,4468987,135052.8713243368
1000,9,5,2232,40793953,990175,4422020,131777.75225741533
500,9,5,2232,40793952,990175,4422020,131777.75225741533
300,9,5,2057,36840022,1108999,4427364,127437.71088366219
250,9,5,1950,33847283,1161433,4416453,140120.56773898526
200,9,5,1955,31488759,1233190,4387999,130057.04973325078
150,9,5,2599,34712379,1125084,4378398,136687.54937391327
100,9,5,2973,27355126,1321293,4374490,131486.38794844036
50,9,5,4924,23211406,1489791,4362130,120597.92810918033
31,9,5,5757,17137310,1828870,4390414,127592.48827642882
25,9,5,6911,16780538,1890429,4394507,126131.66486435744
20,9,5,7567,14905586,2052635,4404073,134143.40241744454
10,9,5,9707,10233762,2716246,4462827,137585.2237056454
1000,9,3,2040,44305098,877111,4414847,143741.98436074815
500,9,3,2040,44305097,877111,4414847,143741.98436074815
300,9,3,1880,39430550,975784,4423996,135213.03008483298
250,9,3,2150,42661877,931726,4401512,134534.20207276178
200,9,3,2155,37375842,1007482,4395737,132751.27644562634
150,9,3,2556,34668308,1044704,4380871,131777.79599287573
100,9,3,3023,27672983,1240381,4371189,117318.72037207455
50,9,3,4924,23018410,1423712,4367600,126793.61014317993
31,9,3,6183,18277994,1723310,4388471,116362.50132533387
25,9,3,7348,17728724,1800077,4374593,126362.85088664106
20,9,3,7526,14736041,1995633,4393054,132140.00327310088
10,9,3,9303,9779563,2721725,4473426,137818.86221378055
1000,9,2,1830,45941177,888293,4424262,125298.7533718811
500,9,2,1828,45906135,887494,4423055,124367.52045036801
300,9,2,2179,51464385,793295,4425708,135169.78373740453
250,9,2,1794,38656178,1013089,4397649,130928.4751771218
200,9,2,2036,36750061,997875,4395238,134887.16476818532
150,9,2,2751,37959306,925606,4376302,124147.1537225478
100,9,2,3381,31243195,1100513,4365531,127449.04500048813
50,9,2,5577,26246310,1262103,4383992,127098.43039835159
31,9,2,6577,19542383,1610359,4378762,132375.6498029485
25,9,2,8146,19748730,1624473,4373916,134427.39882921535
20,9,2,8148,16019388,1900207,4389542,143416.2782693204
10,9,2,9554,10065459,2666798,4472045,133825.41301433442
1000,8,50,3808,16151803,2477580,4490995,139735.62390160444
500,8,50,3808,16151802,2477580,4490995,139735.62390160444
300,8,50,3808,16151802,2477580,4490995,139735.62390160444
250,8,50,3808,16151802,2477580,4490995,139735.62390160444
200,8,50,3975,16731847,2413443,4486241,136814.18814632413
150,8,50,3622,15314923,2506690,4494000,124545.772208125
100,8,50,3873,16018889,2457257,4486093,137779.39051568572
50,8,50,4021,14660328,2540517,4474464,132221.14288379016
31,8,50,5445,14654388,2564341,4467818,138828.76984553604
25,8,50,5795,13059637,2672363,4477127,134463.54696254892
20,8,50,6204,11523988,2806354,4483612,144758.54313871858
10,8,50,8840,8999038,3233435,4527525,140467.48274390507
1000,8,40,3650,16094382,2370016,4488178,142509.80150039573
500,8,40,3650,16094381,2370016,4488178,142509.80150039573
300,8,40,3650,16094381,2370016,4488178,142509.80150039573
250,8,40,3650,16094381,2370016,4488178,142509.80150039573
200,8,40,3627,16024917,2394914,4485190,145402.88571964102
150,8,40,3928,17252525,2325435,4489780,137875.12020972208
100,8,40,3460,15047293,2431926,4480962,140658.0788533723
50,8,40,4030,14875543,2468038,4470965,147084.08253183932
31,8,40,4781,12828313,2602109,4463020,148934.30384972185
25,8,40,5657,12689177,2632696,4471362,148514.58437665025
20,8,40,6770,12519746,2690808,4475064,127933.33658385134
10,8,40,9148,9294858,3157995,4514412,148088.1308117698
1000,8,30,3255,16783375,2223489,4463533,141258.18244645625
500,8,30,3255,16783374,2223489,4463533,141258.18244645625
300,8,30,3255,16783374,2223489,4463533,141258.18244645625
250,8,30,3255,16783374,2223489,4463533,141258.18244645625
200,8,30,3657,18710000,2100667,4460337,138488.50413925727
150,8,30,3807,19133905,2099675,4455105,141581.5226042842
100,8,30,3494,17363434,2188654,4448254,132830.41015061902
50,8,30,4094,16143165,2278870,4432316,138961.12964012212
31,8,30,5247,14272832,2394332,4433486,136605.02080236503
25,8,30,5101,11519998,2627095,4459063,152791.71158969458
20,8,30,6624,12244854,2596558,4456386,144712.53140244886
10,8,30,9422,9547809,3050900,4510620,147740.8330360234
1000,8,25,3256,18347776,2070868,4450023,137717.47017426314
500,8,25,3256,18347775,2070868,4450023,137717.47017426314
300,8,25,3256,18347775,2070868,4450023,137717.47017426314
250,8,25,3256,18347776,2070868,4450023,137717.47017426314
200,8,25,3239,18315074,2072018,4451185,141556.38136618157
150,8,25,3260,18365509,2077720,4444108,144908.27452485464
100,8,25,3112,17086851,2147578,4440143,133313.25651205378
50,8,25,4476,18188952,2066434,4418848,135664.833771537
31,8,25,5403,14767557,2294844,4436029,128805.49189467513
25,8,25,6267,14131398,2356446,4435350,129850.77116172781
20,8,25,6327,11694142,2576982,4450888,137450.71465158777
10,8,25,9270,9379750,3020694,4503976,137128.69457150283
1000,8,20,3073,19581636,1918418,4439033,130517.35580961099
500,8,20,3073,19581636,1918418,4439033,130517.35580961099
300,8,20,3073,19581635,1918418,4439033,130517.35580961099
250,8,20,3073,19581635,1918418,4439033,130517.35580961099
200,8,20,2957,18807112,1965086,4442084,127904.98372068735
150,8,20,3154,19949164,1901575,4438183,125524.71509052854
100,8,20,3177,19357137,1939956,4430092,127477.0649716458
50,8,20,4114,17198390,2049416,4422145,125558.0478636205
31,8,20,5025,13826094,2300186,4430744,130777.7152362324
25,8,20,5927,13392513,2351550,4431015,130765.53385030232
20,8,20,7425,13704979,2362705,4429998,135076.76072244663
10,8,20,9080,9174191,2989589,4495983,143770.38042141328
1000,8,15,3012,22725917,1722396,4432395,124849.80516143031
500,8,15,3012,22725916,1722396,4432395,124849.80516143031
300,8,15,3012,22725916,1722396,4432395,124849.80516143031
250,8,15,3012,22725916,1722396,4432395,124849.80516143031
200,8,15,2878,21660557,1761454,4435824,128422.38681138636
150,8,15,2991,22251439,1752857,4424580,121432.67665207601
100,8,15,3004,20897406,1809354,4414583,126358.61174345897
50,8,15,3986,17453176,1988152,4414547,139407.381215893
31,8,15,5044,14256711,2203004,4414016,139996.56155970923
25,8,15,5732,13270312,2315483,4426242,137229.4261531769
20,8,15,7741,14604462,2249165,4415622,131143.15678807424
10,8,15,9310,9535537,2911203,4482147,143190.7324988826
1000,8,10,2770,25892150,1569300,4424520,130618.0725594723
500,8,10,2770,25892149,1569300,4424520,130618.0725594723
300,8,10,2770,25892152,1569300,4424520,130618.07255976202
250,8,10,2802,26318851,1552655,4419626,136165.30702624092
200,8,10,2631,24607641,1612140,4418429,133700.41631610302
150,8,10,3016,27688840,1527811,4407890,127863.52950213802
100,8,10,3195,25998280,1542680,4394709,119236.33045208629
50,8,10,4335,20047720,1793076,4383418,127513.7878345266
31,8,10,5539,16306820,2044659,4413138,124653.20634086659
25,8,10,6026,14482042,2195388,4408744,140695.5810974145
20,8,10,7742,15125162,2167588,4405720,132756.0402171913
10,8,10,9366,9819154,2841182,4480283,141540.37361002594
1000,8,5,2593,31037378,1331178,4404870,122871.40244968787
500,8,5,2593,31037377,1331178,4404870,122871.40244968787
300,8,5,2593,31037377,1331178,4404870,122871.40244968787
250,8,5,2710,32359122,1267118,4394665,134707.04144967115
200,8,5,2462,29356983,1379876,4407460,124188.10541788193
150,8,5,2568,29322321,1377260,4406612,113428.40936465704
100,8,5,3184,28421167,1360073,4378747,130011.66749069805
50,8,5,4946,23195257,1547622,4375522,133962.51133245925
31,8,5,6268,18614978,1821403,4403808,131001.1775547219
25,8,5,6089,14748182,2075110,4412114,133536.97081368297
20,8,5,6901,13564352,2208366,4417933,141201.1271380963
10,8,5,9501,10012927,2741031,4478313,133677.56394347243
1000,8,3,2431,33290162,1204819,4402831,127680.88675834742
500,8,3,2431,33290162,1204819,4402831,127680.88675834742
300,8,3,2431,33290162,1204819,4402831,127680.88675834742
250,8,3,2787,38076430,1087167,4400945,121186.37861509545
200,8,3,2501,33943857,1193763,4395798,122806.41794845083
150,8,3,2885,35789552,1113012,4397184,117658.33265951392
100,8,3,3346,30193312,1218990,4367537,122354.70783596499
50,8,3,4421,20597390,1602652,4378582,140936.16013346947
31,8,3,5480,16171030,1903602,4395652,124829.10486339418
25,8,3,7167,17265288,1864302,4387014,112016.84179940677
20,8,3,8253,16150749,1957908,4399809,144783.0863259809
10,8,3,9400,9880264,2711988,4475013,130389.52410307567
1000,8,2,2650,40455542,1032858,4421579,115183.1801428547
500,8,2,2650,40455542,1032858,4421579,115183.1801428547
300,8,2,2650,40455542,1032858,4421579,115183.1801428547
250,8,2,2736,41725813,1010441,4397286,125653.92327718895
200,8,2,2487,37502757,1125395,4414106,117256.09462778569
150,8,2,2495,32814234,1221958,4401349,123058.36237787866
100,8,2,2972,27208031,1316283,4387579,116663.93220929024
50,8,2,4914,23055210,1478294,4378565,120031.88981020401
31,8,2,6785,20123232,1661117,4379314,145843.52296079588
25,8,2,7615,18429623,1747790,4385694,137181.09285055546
20,8,2,7832,15381089,1971692,4407726,144045.59773428962
10,8,2,9433,9937159,2689940,4475692,124420.32606244752
1000,5,50,6399,11545501,3120915,4532252,131173.67349961706
500,5,50,6399,11545500,3120915,4532252,131173.67349961706
300,5,50,6399,11545500,3120915,4532252,131173.67349961706
250,5,50,6399,11545500,3120915,4532252,131173.67349961706
200,5,50,6399,11545500,3120915,4532252,131173.67349961706
150,5,50,6399,11545500,3120915,4532252,131173.67349961706
100,5,50,6399,11545500,3120915,4532252,131173.67349961706
50,5,50,6399,11545499,3120915,4532252,131173.67349961706
31,5,50,6701,12095094,3083466,4529295,134925.88973202097
25,5,50,5861,10456541,3186713,4534096,141607.2617723403
20,5,50,6416,10654091,3194212,4541683,137647.81013830428
10,5,50,8638,8771688,3406657,4559951,140067.07903051763
1000,5,40,6614,11935932,3040381,4528474,151784.9042926539
500,5,40,6614,11935931,3040381,4528474,151784.9042926539
300,5,40,6614,11935931,3040381,4528474,151784.9042926539
250,5,40,6614,11935931,3040381,4528474,151784.9042926539
200,5,40,6614,11935931,3040381,4528474,151784.9042926539
150,5,40,6614,11935931,3040381,4528474,151784.9042926539
100,5,40,6614,11935931,3040381,4528474,151784.9042926539
50,5,40,6614,11935930,3040381,4528474,151784.9042926539
31,5,40,6337,11442508,3072499,4538213,150689.3492318612
25,5,40,5737,10151682,3164751,4535726,150337.70909611278
20,5,40,6809,11121139,3088823,4515976,148432.66166300132
10,5,40,8799,8894562,3362830,4550920,160113.43572505197
1000,5,30,6803,13096245,2873634,4499934,140283.01913680666
500,5,30,6803,13096244,2873634,4499934,140283.01913680666
300,5,30,6803,13096244,2873634,4499934,140283.01913680666
250,5,30,6803,13096244,2873634,4499934,140283.01913680666
200,5,30,6803,13096244,2873634,4499934,140283.01913680666
150,5,30,6803,13096244,2873634,4499934,140283.01913680666
100,5,30,6803,13096244,2873634,4499934,140283.01913680666
50,5,30,6803,13096243,2873634,4499934,140283.01913680666
31,5,30,6840,13177314,2867098,4494403,134258.75100883545
25,5,30,6520,12246674,2922430,4495729,140106.90019392356
20,5,30,7087,12005126,2932278,4489137,143094.70794434758
10,5,30,8585,8683024,3308896,4537403,127518.29401081339
1000,5,25,5983,12074081,2894943,4506622,150796.82894129612
500,5,25,5983,12074080,2894943,4506622,150796.82894129612
300,5,25,5983,12074080,2894943,4506622,150796.82894129612
250,5,25,5983,12074080,2894943,4506622,150796.82894129612
200,5,25,5983,12074080,2894943,4506622,150796.82894129612
150,5,25,5983,12074080,2894943,4506622,150796.82894129612
100,5,25,5983,12074080,2894943,4506622,150796.82894129612
50,5,25,5983,12074079,2894943,4506622,150796.82894129612
31,5,25,6246,12545102,2855043,4493804,143217.9272789386
25,5,25,5523,10694228,3002968,4505385,150981.57091008505
20,5,25,6797,11766119,2905689,4495375,141220.62591878104
10,5,25,9393,9497281,3189863,4533723,135202.27488024806
1000,5,20,5740,12135780,2817581,4490686,138986.99207836174
500,5,20,5740,12135779,2817581,4490686,138986.99207836174
300,5,20,5740,12135779,2817581,4490686,138986.99207836174
250,5,20,5740,12135779,2817581,4490686,138986.99207836174
200,5,20,5740,12135779,2817581,4490686,138986.99207836174
150,5,20,5740,12135779,2817581,4490686,138986.99207836174
100,5,20,5740,12135779,2817581,4490686,138986.99207836174
50,5,20,5740,12135778,2817581,4490686,138986.99207836174
31,5,20,5259,11141174,2891696,4494447,141928.9184796438
25,5,20,5834,11801649,2838386,4496711,140218.49552034657
20,5,20,6079,10787035,2915640,4486675,144312.52264727815
10,5,20,9157,9273306,3162379,4530477,139070.79586326875
1000,5,15,5429,12288394,2767299,4487734,135405.29242804338
500,5,15,5429,12288393,2767299,4487734,135405.29242804338
300,5,15,5429,12288393,2767299,4487734,135405.29242804338
250,5,15,5429,12288393,2767299,4487734,135405.29242804338
200,5,15,5429,12288393,2767299,4487734,135405.29242804338
150,5,15,5429,12288393,2767299,4487734,135405.29242804338
100,5,15,5429,12288393,2767299,4487734,135405.29242804338
50,5,15,5429,12288392,2767299,4487734,135405.29242804338
31,5,15,5793,13050890,2734247,4476861,143563.86895468176
25,5,15,5991,12715378,2732118,4480430,146041.4123874174
20,5,15,6458,11821086,2796786,4478942,137514.69835491944
10,5,15,9526,9767339,3077468,4513469,141407.7756700364
1000,5,10,5261,12874769,2698051,4478509,134209.90133575132
500,5,10,5261,12874768,2698051,4478509,134209.90133575132
300,5,10,5261,12874768,2698051,4478509,134209.90133575132
250,5,10,5261,12874768,2698051,4478509,134209.90133575132
200,5,10,5261,12874768,2698051,4478509,134209.90133575132
150,5,10,5261,12874768,2698051,4478509,134209.90133575132
100,5,10,5261,12874768,2698051,4478509,134209.90133575132
50,5,10,5261,12874767,2698051,4478509,134209.90133575132
31,5,10,5288,12924425,2687244,4478147,142761.46196441044
25,5,10,5233,11745041,2758933,4482146,140550.597805559
20,5,10,6408,12157116,2744400,4469689,136585.4734500665
10,5,10,9379,9794567,3041087,4514491,139005.15504015284
1000,5,5,5354,14121709,2542302,4466308,133887.34321603432
500,5,5,5354,14121708,2542302,4466308,133887.34321603432
300,5,5,5354,14121708,2542302,4466308,133887.34321603432
250,5,5,5354,14121708,2542302,4466308,133887.34321603432
200,5,5,5354,14121708,2542302,4466308,133887.34321603432
150,5,5,5354,14121708,2542302,4466308,133887.34321603432
100,5,5,5354,14121708,2542302,4466308,133887.34321603432
50,5,5,5354,14121707,2542302,4466308,133887.34321603432
31,5,5,5280,13886115,2544527,4463002,125079.22376378436
25,5,5,5447,12646491,2615087,4471955,143417.0500594613
20,5,5,6886,13272878,2587545,4468977,134281.1741171835
10,5,5,9584,10060204,2958246,4509441,128130.41126428827
1000,5,3,4743,12996036,2596910,4477124,130462.48341083732
500,5,3,4743,12996035,2596910,4477124,130462.48341083732
300,5,3,4743,12996035,2596910,4477124,130462.48341083732
250,5,3,4743,12996035,2596910,4477124,130462.48341083732
200,5,3,4743,12996035,2596910,4477124,130462.48341083732
150,5,3,4743,12996035,2596910,4477124,130462.48341083732
100,5,3,4743,12996035,2596910,4477124,130462.48341083732
50,5,3,4743,12996034,2596910,4477124,130462.48341083732
31,5,3,5717,15494413,2438959,4463288,140977.22944338812
25,5,3,5855,13748421,2511928,4458431,133609.07435011482
20,5,3,6787,13118777,2584380,4464261,128001.02888124507
10,5,3,9041,9476250,2978343,4513604,132739.31649354938
1000,5,2,5108,14309566,2492842,4462867,139023.77968458805
500,5,2,5108,14309566,2492842,4462867,139023.77968458805
300,5,2,5108,14309565,2492842,4462867,139023.77968458805
250,5,2,5108,14309565,2492842,4462867,139023.77968458805
200,5,2,5108,14309566,2492842,4462867,139023.77968458805
150,5,2,5108,14309566,2492842,4462867,139023.77968458805
100,5,2,5108,14309565,2492842,4462867,139023.77968458805
50,5,2,5108,14309565,2492842,4462867,139023.77968458805
31,5,2,5033,13958819,2509830,4460262,134158.40916448634
25,5,2,6409,15181038,2396422,4453296,128225.12269206028
20,5,2,6117,11876448,2652478,4471086,131828.10784728546
10,5,2,9384,9855692,2928740,4503271,141629.23126692494
